Y,X1,X2,X3
FALSE,>10,<4.4,HR|AIRTEL
FALSE,>5,<5,UP|JIO
FALSE,>10,<5,AP|AIRTEL
FALSE,>5,<5,RJ|JIO
FALSE,>10,<5.6,WB|VODAFONE
TRUE,>10,<5.6,HR|JIO
FALSE,>5,<5,TN|JIO
FALSE,>20,<6,DL|AIRTEL
TRUE,>5,<5,MH|JIO
TRUE,>10,<5.6,UK|AIRTEL
FALSE,>10,<5.2,UP|JIO
FALSE,>20,<4.6,RJ|JIO
FALSE,>5,<5,DL|AIRTEL
FALSE,>5,<5,BR|JIO
FALSE,>5,<4.8,TN|VODAFONE
TRUE,>5,<4.4,HR|IDEA
FALSE,>5,<5,MH|VODAFONE
TRUE,>5,<5,MP|JIO
TRUE,>5,<5.6,MH|JIO
FALSE,>5,<5,MP|JIO
TRUE,>10,<5.6,MP|JIO
FALSE,<5,>6,DL|AIRTEL
TRUE,>10,<5.2,MH|VODAFONE
FALSE,>10,<5,WB|JIO
FALSE,>10,<5.8,WB|JIO
FALSE,>5,<4.4,UP|IDEA
FALSE,>10,<5.6,WB|JIO
TRUE,>5,<5,TN|AIRTEL
TRUE,>10,<5,MH|JIO
FALSE,>5,<5,TN|JIO
FALSE,>5,<5,HR|JIO
FALSE,>10,<5.8,UK|IDEA
TRUE,>10,<5.6,MH|JIO
FALSE,>5,<5,GJ|IDEA
FALSE,>5,<5.6,UK|IDEA
FALSE,>10,<5.6,TN|JIO
FALSE,>5,<4.8,MH|AIRTEL
FALSE,>5,<5.6,RJ|JIO
TRUE,>10,<5.6,MH|IDEA
FALSE,>5,<4.8,BR|JIO
FALSE,>10,<5.6,UP|JIO
TRUE,>10,<5.6,RJ|AIRTEL
TRUE,>5,<4.8,GJ|JIO
FALSE,<5,<4.2,KL|IDEA
TRUE,>10,<5.6,BR|AIRTEL
FALSE,>10,<5.6,MH|JIO
TRUE,>5,<5,HR|JIO
FALSE,>10,<5.8,MH|JIO
FALSE,>5,<4.6,UP|JIO
FALSE,>10,<5.2,RJ|JIO
TRUE,>5,<5,WB|AIRTEL
TRUE,>5,<5,KA|AIRTEL
FALSE,>10,<5.6,MH|IDEA
TRUE,>5,<5.6,RJ|AIRTEL
TRUE,>5,>6,RJ|JIO
FALSE,>5,<5,UP|AIRTEL
FALSE,>5,<5,DL|IDEA
TRUE,>10,<5,TN|JIO
FALSE,>10,<5.6,RJ|VODAFONE
FALSE,>5,<5,TN|JIO
TRUE,>10,<5.6,RJ|AIRTEL
FALSE,>10,<5.6,DL|VODAFONE
FALSE,>5,<4.4,TN|JIO
FALSE,>10,<5,HR|JIO
FALSE,>5,<5,GJ|IDEA
FALSE,<5,<4.4,DL|VODAFONE
TRUE,>10,<5.6,DL|IDEA
TRUE,>10,<5.2,MH|VODAFONE
FALSE,>5,<5,MH|JIO
TRUE,>10,<5.8,MP|IDEA
FALSE,>5,<4.4,GJ|JIO
FALSE,>10,<5.8,MH|JIO
FALSE,<5,<4.2,UP|JIO
FALSE,>10,<5.6,UK|VODAFONE
TRUE,>5,<5,GJ|VODAFONE
FALSE,>5,<5,UK|
TRUE,>10,<5.6,WB|JIO
TRUE,>5,<4.4,HR|VODAFONE
TRUE,>5,<5,KA|IDEA
TRUE,>10,<5.6,DL|AIRTEL
FALSE,>5,<4.6,UP|AIRTEL
TRUE,>5,<5,GJ|VODAFONE
FALSE,>20,<5.6,UK|JIO
TRUE,>20,<5.6,KA|IDEA
TRUE,>5,<5,GJ|JIO
FALSE,>10,<5.2,TN|AIRCEL
FALSE,>5,<4.4,UP|JIO
FALSE,>20,<5.6,PB|JIO
FALSE,>5,<5,UP|JIO
FALSE,>5,<5,HR|JIO
TRUE,>5,<4.4,MP|AIRTEL
TRUE,>10,<5,MP|IDEA
FALSE,>10,<5,UK|JIO
FALSE,>10,<5.6,UK|JIO
TRUE,>10,<5.6,HR|AIRTEL
FALSE,>5,<4.4,UP|JIO
FALSE,>10,<5,MH|JIO
FALSE,>10,<5.6,MH|AIRTEL
TRUE,>5,<4.6,RJ|
FALSE,>10,<5.6,MH|JIO
TRUE,>10,<5.6,MH|JIO
TRUE,>10,<5.6,AP|IDEA
TRUE,>10,<5.6,UK|JIO
FALSE,>10,<5.6,MH|AIRTEL
FALSE,>10,<5.2,HR|AIRTEL
FALSE,>10,<4.6,TN|JIO
FALSE,>5,<4.8,GJ|IDEA
FALSE,>5,<4.8,MH|JIO
FALSE,>5,<4.6,HR|AIRTEL
FALSE,>10,<5,HR|IDEA
FALSE,>5,<5,BR|JIO
FALSE,>5,<4.8,TN|JIO
FALSE,>5,<5,UP|AIRTEL
FALSE,>5,<5,GJ|JIO
FALSE,>5,<4.6,KA|DOCOMO
TRUE,>10,<5.6,GJ|IDEA
FALSE,>10,>6,MH|JIO
FALSE,>10,<5.6,KA|TELENOR
FALSE,>5,<4.8,RJ|JIO
FALSE,>5,<5,RJ|AIRTEL
FALSE,>10,<5.6,RJ|JIO
TRUE,>20,<5.6,TN|DOCOMO
TRUE,>10,<5.6,BR|AIRTEL
TRUE,>5,>6,MH|JIO
TRUE,>5,<5,MH|VODAFONE
FALSE,>5,<5,KA|IDEA
FALSE,>10,<4.6,GJ|IDEA
FALSE,>10,<5,MH|VODAFONE
FALSE,>5,<5,RJ|AIRTEL
TRUE,>10,<5.8,MH|JIO
FALSE,>10,<5,AP|AIRTEL
FALSE,>10,<5.6,HR|IDEA
TRUE,>5,<4.8,UK|JIO
FALSE,>10,<5.6,GJ|JIO
TRUE,>5,<4.8,UK|JIO
FALSE,>5,<5,HR|
TRUE,>10,<5.6,MH|AIRTEL
FALSE,>10,<5,KA|JIO
FALSE,>5,<5.2,HR|IDEA
FALSE,>20,<5.2,KA|AIRTEL
TRUE,>10,<5.8,UP|AIRTEL
TRUE,>5,<4.6,GJ|AIRTEL
TRUE,>10,<5.6,AP|JIO
TRUE,>10,<4.6,BR|
FALSE,>10,<5.6,KA|IDEA
FALSE,>10,<5.6,UK|JIO
FALSE,>10,<5.8,HP|IDEA
FALSE,>10,<5.6,AP|JIO
TRUE,>5,>6,MP|AIRTEL
FALSE,>5,<4.8,HR|JIO
FALSE,>5,>6,TN|CELLONE
FALSE,>5,<5,GJ|JIO
FALSE,>10,<5,MH|IDEA
TRUE,>5,<5,HR|VODAFONE
TRUE,>10,<5.6,AP|BSNL
TRUE,>10,<5.6,MH|IDEA
FALSE,>5,<4.8,UP|JIO
TRUE,>10,<5.6,MH|AIRTEL
FALSE,>5,<4.2,AP|DOCOMO
TRUE,<5,<4.4,HR|AIRTEL
FALSE,>5,<5,PB|JIO
FALSE,>5,<4.4,WB|
FALSE,>5,<4.8,UK|VODAFONE
FALSE,>5,<4.8,RJ|JIO
TRUE,>5,<5,PB|AIRTEL
FALSE,>5,<4.8,MH|JIO
FALSE,>5,<4.4,KA|JIO
FALSE,>10,<5,UP|IDEA
TRUE,>5,<5,KA|AIRTEL
FALSE,>10,<5.6,AP|AIRTEL
FALSE,>10,<5,UP|IDEA
FALSE,>10,<5.6,HR|VODAFONE
FALSE,>5,<5,MH|JIO
FALSE,>10,<5.6,MH|JIO
FALSE,>5,<4.2,GJ|IDEA
FALSE,>10,>6,RJ|JIO
FALSE,>5,<5,GJ|AIRTEL
FALSE,>5,<5,BR|JIO
FALSE,>10,<5.6,MP|JIO
FALSE,>10,<5.8,KA|VODAFONE
TRUE,>10,<5,PB|JIO
FALSE,>10,<5,MH|VODAFONE
TRUE,>5,<4.8,UK|JIO
TRUE,>5,<4,MH|AIRTEL
TRUE,>10,<5,HR|VODAFONE
TRUE,>5,<5,MH|JIO
FALSE,<5,<4.4,MH|IDEA
FALSE,>5,<5,MH|VODAFONE
FALSE,>10,>6,DL|AIRTEL
FALSE,>10,<5.6,AP|AIRTEL
TRUE,>5,<4.4,OD|JIO
FALSE,>5,<4.8,DL|AIRTEL
TRUE,>10,<5.6,GJ|JIO
TRUE,>5,<5,MH|JIO
TRUE,>5,<4.2,RJ|IDEA
FALSE,>10,<5.6,BR|JIO
TRUE,>10,<5,MH|
FALSE,>5,<5,DL|JIO
TRUE,<5,<5.6,MH|JIO
FALSE,>10,<5.6,BR|JIO
TRUE,>10,<5.6,AP|JIO
FALSE,>10,<5.6,UP|JIO
TRUE,>10,<5.6,WB|JIO
TRUE,>5,<5.6,RJ|AIRTEL
FALSE,>5,>6,HR|IDEA
FALSE,>5,<4.8,KA|IDEA
FALSE,>10,<5,MH|VODAFONE
FALSE,>10,<5,MH|IDEA
FALSE,>20,<5.2,DL|JIO
TRUE,>10,<5.6,MH|VODAFONE
TRUE,>5,<5,WB|IDEA
TRUE,>5,<5.6,RJ|AIRTEL
FALSE,>10,<5.6,HR|VODAFONE
FALSE,>5,<5.2,DL|JIO
FALSE,>10,<5.6,PB|BSNL
TRUE,>5,<4.6,TN|JIO
TRUE,>20,<5.6,WB|JIO
FALSE,>10,<5.6,GJ|IDEA
TRUE,>10,<4.6,DL|AIRTEL
FALSE,>10,<5.6,JH|AIRTEL
FALSE,>10,<5.6,GJ|JIO
FALSE,>10,<5.6,DL|VODAFONE
FALSE,>10,<5.2,DL|JIO
TRUE,>5,<5,TN|VODAFONE
FALSE,>10,<5,DL|VODAFONE
FALSE,>5,<4.4,PB|BSNL
TRUE,>10,<5.6,MH|JIO
FALSE,>5,<5,RJ|VODAFONE
FALSE,>10,<4.4,MH|
FALSE,>5,<5.2,MH|IDEA
FALSE,>10,<5.2,TN|AIRTEL
FALSE,>5,<5,DL|IDEA
FALSE,>5,<4.8,DL|AIRTEL
FALSE,>20,<5,HR|AIRTEL
TRUE,>10,<5.6,MH|VODAFONE
TRUE,>5,<4.8,GJ|VODAFONE
TRUE,>5,<4.4,DL|VODAFONE
TRUE,>10,<5.6,MH|VODAFONE
TRUE,>10,<5.8,OD|JIO
FALSE,>5,<5,MP|JIO
FALSE,>5,<5,DL|JIO
FALSE,>5,<5,PB|AIRTEL
TRUE,>40,>6,OD|JIO
FALSE,>10,<5.2,DL|JIO
FALSE,>5,<5,MH|AIRTEL
FALSE,>5,<5.6,KA|JIO
TRUE,>5,<5,TN|JIO
TRUE,>10,<5.6,MH|JIO
TRUE,>5,<5.6,RJ|AIRTEL
TRUE,>10,<5.8,HR|
FALSE,>10,<5.6,DL|JIO
FALSE,>10,<5.6,MH|IDEA
TRUE,>5,<5,OD|VODAFONE
FALSE,>10,<5.6,UK|IDEA
FALSE,>10,<5.6,RJ|CELLONE
TRUE,>10,<5.6,BR|JIO
FALSE,>5,<5,WB|JIO
FALSE,>5,<4.8,DL|IDEA
TRUE,>5,<5,UP|JIO
FALSE,>10,<5.6,GJ|AIRTEL
TRUE,>10,<5.6,MH|JIO
FALSE,>10,<5,MP|AIRTEL
FALSE,>10,<5.2,AS|JIO
FALSE,>10,<5,TN|AIRTEL
FALSE,>5,<5,MH|IDEA
TRUE,>5,<4.8,HR|IDEA
FALSE,>10,<5,DL|BSNL
TRUE,>10,<5.8,MH|IDEA
TRUE,>5,<4.2,MH|JIO
FALSE,>5,<5,RJ|JIO
FALSE,>20,<5.6,MH|JIO
FALSE,>10,<5.6,KA|JIO
FALSE,>10,<5.6,GJ|JIO
FALSE,>10,<5.6,TN|JIO
FALSE,>20,<5.6,GJ|JIO
TRUE,>10,<5.6,UK|JIO
FALSE,>10,<5.6,GJ|IDEA
TRUE,>10,<5.6,MH|IDEA
FALSE,>10,<5.2,RJ|JIO
FALSE,>5,<5,UK|IDEA
FALSE,>5,<5,PB|AIRTEL
FALSE,>10,<5.6,MH|VODAFONE
TRUE,>10,<5.8,PB|VODAFONE
FALSE,>10,<5.2,TN|BSNL
FALSE,>5,<5,WB|JIO
FALSE,>5,<4.8,HR|JIO
FALSE,>10,>6,DL|IDEA
FALSE,>5,<4.6,UP|JIO
TRUE,>10,<5.8,UP|
TRUE,>5,<5,DL|VODAFONE
FALSE,>10,<5,MH|JIO
TRUE,>5,<4.8,DL|IDEA
TRUE,>10,<5.6,DL|AIRTEL
FALSE,<5,<5.2,MH|JIO
TRUE,>10,<5.6,DL|AIRTEL
TRUE,>10,<5.6,KA|IDEA
TRUE,>10,<5.6,MH|AIRTEL
TRUE,>5,<5,UK|JIO
FALSE,>20,<5.2,DL|VODAFONE
TRUE,>10,<5.6,DL|AIRTEL
FALSE,>10,<5.2,PB|AIRTEL
FALSE,>10,<5.6,RJ|JIO
FALSE,>5,>6,GJ|AIRTEL
FALSE,>5,<5,MH|JIO
TRUE,>5,<5,MH|VODAFONE
FALSE,>5,<4.8,RJ|JIO
TRUE,>10,<5.6,MH|JIO
FALSE,>10,<5.8,KA|IDEA
FALSE,>5,<5,RJ|AIRTEL
FALSE,>5,<4.8,UP|JIO
TRUE,>10,<5.6,RJ|AIRTEL
FALSE,<5,>6,UP|JIO
TRUE,>10,<5.6,RJ|AIRTEL
TRUE,>5,<4.4,HR|
FALSE,>20,<5.6,DL|IDEA
TRUE,>10,<4.6,TN|AIRTEL
TRUE,>10,<4.4,MH|IDEA
TRUE,>5,<5,RJ|AIRTEL
FALSE,>10,<5.8,GJ|
FALSE,>10,<5.6,TN|AIRTEL
FALSE,>10,<5.6,KA|AIRTEL
FALSE,>10,<5.6,MH|VODAFONE
FALSE,>5,<4.4,TN|JIO
TRUE,>10,<5.2,RJ|JIO
FALSE,>10,<5.6,MH|VODAFONE
TRUE,>10,<5.6,UP|JIO
FALSE,>20,<5.6,MH|VODAFONE
FALSE,>10,<5.8,GJ|IDEA
TRUE,>10,<5.6,MP|JIO
FALSE,>10,<5,MH|IDEA
TRUE,>10,<5.6,MH|AIRCEL
FALSE,>10,<5.6,AP|JIO
FALSE,>5,<4.8,RJ|JIO
FALSE,>10,<5.6,HR|VODAFONE
FALSE,>10,<5.8,DL|AIRTEL
TRUE,>5,<5,HR|JIO
TRUE,>10,<5.6,HR|IDEA
TRUE,>5,<4.6,DL|VODAFONE
TRUE,>10,<5.6,DL|IDEA
TRUE,>10,<5.6,UK|JIO
FALSE,>5,<4.8,DL|VODAFONE
TRUE,>5,<5.2,RJ|AIRTEL
FALSE,>5,<5,HR|AIRTEL
FALSE,>5,<5,MH|JIO
TRUE,>10,<5.6,RJ|AIRTEL
TRUE,>10,<5.6,MH|AIRTEL
FALSE,>10,<5.6,GJ|JIO
FALSE,>10,<5.8,MH|JIO
FALSE,>5,<4.8,RJ|JIO
TRUE,>10,<5.6,UK|JIO
FALSE,>40,<4.8,TN|AIRTEL
TRUE,>10,<5.8,AP|AIRTEL
TRUE,>10,<5.6,TN|AIRTEL
TRUE,>5,<4.4,TN|
FALSE,>5,<5,DL|JIO
FALSE,>5,<5,DL|IDEA
FALSE,>20,<6,WB|BSNL
TRUE,>10,<5.6,HR|JIO
FALSE,>10,<4.8,UK|AIRTEL
FALSE,>5,<4.8,TN|IDEA
FALSE,>5,<4.8,MH|JIO
FALSE,>10,<5.6,MH|JIO
FALSE,>10,<5.6,RJ|JIO
FALSE,>5,<4.8,RJ|AIRTEL
TRUE,>10,<4.8,DL|VODAFONE
FALSE,>5,<5,DL|VODAFONE
TRUE,<5,<4.4,WB|JIO
FALSE,>10,<5.6,MH|JIO
FALSE,>5,<5,RJ|AIRTEL
FALSE,>10,<5.6,KA|JIO
TRUE,>10,<5.6,UK|VODAFONE
FALSE,>10,<5.6,RJ|JIO
TRUE,>5,<5,RJ|VODAFONE
FALSE,>10,<5,RJ|AIRTEL
FALSE,>10,<5.8,MH|JIO
TRUE,>10,<5,HR|AIRTEL
TRUE,>10,<4.4,HP|JIO
FALSE,>10,<5.6,DL|VODAFONE
FALSE,>5,<5,BR|JIO
FALSE,>10,<5.6,RJ|JIO
TRUE,>5,<5,KA|IDEA
FALSE,>5,>6,MH|JIO
FALSE,>10,<5.6,GJ|AIRTEL
TRUE,>5,<5,DL|VODAFONE
TRUE,>5,<5.6,KA|IDEA
TRUE,>5,<4.8,DL|AIRTEL
TRUE,>10,<5.2,MH|VODAFONE
FALSE,>10,<5.6,TN|JIO
TRUE,>10,<5.6,MP|JIO
TRUE,>10,<5.6,UP|AIRTEL
FALSE,>5,<5,AP|JIO
FALSE,<5,<4.6,MH|AIRTEL
FALSE,>10,<5.6,MH|JIO
TRUE,>5,<5,KA|JIO
FALSE,>10,<5.6,MH|AIRTEL
FALSE,>10,<5.6,RJ|JIO
TRUE,>5,<5,MP|JIO
TRUE,>5,<5,RJ|VODAFONE
FALSE,>5,<5,UK|JIO
FALSE,>5,<4.4,MP|IDEA
FALSE,>5,<5,AS|JIO
TRUE,>20,<5.2,UP|IDEA
TRUE,>5,<5,RJ|VODAFONE
TRUE,>10,<5.6,UK|IDEA
TRUE,>10,<5.6,MH|VODAFONE
FALSE,>5,<4.8,HR|JIO
FALSE,>10,<5,TN|CELLONE
TRUE,>5,<4.2,MH|DOCOMO
FALSE,>10,<5.6,MH|JIO
TRUE,>5,<5,RJ|VODAFONE
FALSE,>10,<5.2,DL|VODAFONE
FALSE,>5,<5.6,KA|VODAFONE
TRUE,>10,<5.6,JH|AIRTEL
FALSE,>10,<5,KA|IDEA
TRUE,>5,<5,RJ|AIRTEL
FALSE,>5,<5,MH|JIO
FALSE,>5,<5,HR|JIO
TRUE,>20,<5.6,WB|JIO
TRUE,>10,<5.6,TN|JIO
FALSE,>10,<5.8,GJ|JIO
FALSE,>10,<5.6,MH|JIO
FALSE,>5,<4.8,KA|AIRTEL
FALSE,>10,<5.6,UP|JIO
TRUE,>10,<5.2,RJ|AIRTEL
TRUE,>5,<5,MH|JIO
FALSE,>10,<5.6,TN|IDEA
TRUE,>5,<5,UK|JIO
FALSE,>10,<5.6,UP|AIRTEL
FALSE,>10,<5,DL|VODAFONE
FALSE,>10,<5,RJ|AIRTEL
FALSE,>5,<5,RJ|AIRTEL
FALSE,>5,<4.8,DL|JIO
TRUE,>5,<5.6,RJ|AIRTEL
TRUE,>5,<5,UK|JIO
TRUE,>10,<4.8,TN|AIRTEL
TRUE,>5,<5,WB|JIO
TRUE,>10,<5.6,OD|VODAFONE
TRUE,>10,<5.8,RJ|AIRTEL
FALSE,>10,<5.6,MP|AIRTEL
FALSE,>10,<5.6,HR|
TRUE,>10,<5.6,UK|IDEA
FALSE,>5,<4.6,GJ|IDEA
TRUE,>20,<5.2,DL|AIRTEL
FALSE,>5,<5,MH|IDEA
TRUE,>10,<5.6,MH|AIRTEL
FALSE,>5,<5,DL|JIO
TRUE,>20,<5.6,OD|JIO
FALSE,>10,<5.6,WB|AIRTEL
FALSE,>5,<5,DL|JIO
FALSE,>10,<5.6,MH|AIRTEL
TRUE,>20,<5.6,RJ|VODAFONE
TRUE,>10,<5.6,HR|AIRTEL
FALSE,>5,<5.6,UK|AIRTEL
TRUE,>10,<5.6,MH|JIO
TRUE,>5,<5.6,RJ|AIRTEL
FALSE,>10,<5.8,WB|JIO
FALSE,>5,<4.6,MH|IDEA
FALSE,>5,<5,DL|JIO
TRUE,>5,<5,RJ|JIO
TRUE,>10,<5.6,DL|VODAFONE
TRUE,>5,<4.8,HR|AIRTEL
FALSE,>20,<5.6,GJ|AIRTEL
FALSE,>10,<5.6,KA|IDEA
FALSE,>10,<5.2,MH|IDEA
FALSE,>10,<5.8,RJ|AIRTEL
TRUE,>10,<5.8,UK|AIRTEL
FALSE,<5,<5.2,KA|AIRTEL
FALSE,>10,<5.6,MH|VODAFONE
TRUE,>10,<5,MH|AIRTEL
FALSE,>10,<4.4,AP|AIRTEL
FALSE,>10,<5.6,KA|JIO
FALSE,>5,<4.8,RJ|JIO
TRUE,>10,<5.6,TN|AIRTEL
FALSE,>10,<5.2,GJ|
FALSE,>10,<5,CH|JIO
FALSE,>10,<5.2,RJ|VODAFONE
TRUE,>5,<4.2,PB|CELLONE
FALSE,>10,<5.6,OD|AIRTEL
FALSE,<5,<4.4,TN|JIO
TRUE,>10,<5.6,MH|VODAFONE
FALSE,>10,<5.8,TN|VODAFONE
TRUE,>5,<5.6,RJ|AIRTEL
TRUE,>10,<5.2,DL|AIRTEL
FALSE,>5,<4.8,DL|JIO
FALSE,>5,<5,HP|AIRTEL
FALSE,>5,<5,DL|VODAFONE
FALSE,>10,<5,MH|VODAFONE
FALSE,>5,<5,MP|JIO
TRUE,>10,<5.6,GJ|IDEA
TRUE,>10,<5.6,GJ|AIRTEL
TRUE,>5,<4.6,KA|AIRTEL
FALSE,>10,<5.6,GJ|IDEA
TRUE,>10,<5.6,HR|JIO
FALSE,>5,<4.6,BR|AIRTEL
FALSE,>10,<5.6,AP|JIO
FALSE,>5,<4.6,DL|AIRTEL
FALSE,>10,<5.6,TN|JIO
FALSE,>10,<5.6,KA|IDEA
TRUE,>5,<4.4,MH|AIRTEL
FALSE,>5,<4.8,DL|VODAFONE
FALSE,>10,<5.6,TN|JIO
FALSE,>5,<5,AP|JIO
FALSE,>5,<5,AP|JIO
FALSE,>5,<5,GJ|JIO
FALSE,>5,<5.6,KA|JIO
FALSE,>10,<5.2,UK|AIRTEL
FALSE,>5,<4.6,HR|VODAFONE
TRUE,>5,<4.2,GJ|IDEA
FALSE,>20,<5.6,GJ|IDEA
FALSE,>10,<5.2,GJ|JIO
FALSE,>10,<5,UK|JIO
TRUE,>10,<5.6,RJ|AIRTEL
FALSE,>10,<5.2,MH|JIO
FALSE,<5,<5,MH|IDEA
FALSE,>5,<5,RJ|
TRUE,>10,<5,HR|IDEA
FALSE,>10,<5.8,HR|VODAFONE
TRUE,>10,<5.6,TN|AIRTEL
FALSE,>10,<5.6,GJ|JIO
FALSE,>10,<5.6,RJ|AIRTEL
FALSE,>10,<5.6,AS|JIO
FALSE,>10,<5.6,GJ|JIO
FALSE,>5,<5,WB|AIRTEL
FALSE,>5,<5,HR|IDEA
TRUE,>5,<4.8,WB|AIRTEL
TRUE,>5,<5,MH|AIRTEL
FALSE,>10,>6,RJ|IDEA
FALSE,>5,<5.2,DL|AIRTEL
FALSE,>10,<5.6,MH|JIO
FALSE,>10,<5.6,MH|JIO
FALSE,>5,<5,OD|JIO
FALSE,>5,<4.6,TN|AIRCEL
TRUE,>10,<5,TN|AIRCEL
FALSE,>10,<5,UK|IDEA
TRUE,>5,<4.6,TN|AIRTEL
TRUE,>5,<5.2,KA|VODAFONE
FALSE,>5,<4.4,TN|IDEA
FALSE,>10,<5.2,UP|JIO
FALSE,>10,<5.6,TN|JIO
TRUE,>10,<5.6,OD|JIO
FALSE,<5,<5,UK|IDEA
FALSE,>5,<5,DL|VODAFONE
FALSE,>10,<5.6,UP|JIO
FALSE,>10,<5.2,DL|JIO
FALSE,>10,<5.8,MH|AIRTEL
FALSE,>10,<5,DL|AIRTEL
TRUE,>10,<5.6,MH|JIO
TRUE,>20,<5.6,GJ|AIRTEL
FALSE,>5,<4.4,GJ|JIO
FALSE,>10,<5.6,UP|JIO
FALSE,>10,<5.6,WB|JIO
FALSE,>10,<5.6,DL|
FALSE,>10,<5.2,RJ|VODAFONE
FALSE,>10,<5.6,MH|JIO
FALSE,>10,<5.6,UP|JIO
FALSE,>5,<5,HR|IDEA
FALSE,>5,<4.8,RJ|JIO
FALSE,>5,<5,UP|AIRTEL
TRUE,>5,<5.2,RJ|
FALSE,>5,<4.8,HR|AIRTEL
TRUE,>10,<5.8,RJ|JIO
FALSE,>5,<5,KL|AIRTEL
FALSE,>5,<5,GJ|IDEA
TRUE,>10,<5.6,GJ|AIRTEL
FALSE,>5,<5,DL|AIRTEL
FALSE,>10,<5.2,AP|IDEA
TRUE,>5,<4.4,OD|JIO
FALSE,>10,<5.6,DL|JIO
TRUE,>5,<5,WB|IDEA
FALSE,>5,<4.6,RJ|AIRTEL
FALSE,>5,<4.4,PB|AIRTEL
TRUE,>10,<5.6,UK|JIO
FALSE,>5,<4.8,RJ|JIO
FALSE,>5,<5,HR|
FALSE,>10,<5.6,AP|JIO
FALSE,>10,<4.4,MH|AIRTEL
FALSE,>10,<4.6,MH|IDEA
TRUE,>10,<5.6,RJ|AIRTEL
TRUE,>10,<5,DL|JIO
FALSE,<5,<4.4,MP|JIO
FALSE,>10,<5.6,MH|JIO
FALSE,>10,<5.6,KA|IDEA
FALSE,<5,<4.6,HR|IDEA
TRUE,>20,<5.8,PB|VODAFONE
FALSE,>5,<5,MP|VODAFONE
FALSE,>10,>6,RJ|JIO
TRUE,>10,<5.6,RJ|AIRTEL
TRUE,>10,<5.2,WB|JIO
FALSE,>10,<5.6,RJ|VODAFONE
FALSE,>20,<5.6,HR|VODAFONE
FALSE,>10,<5.6,MH|JIO
TRUE,>20,<5.6,MH|AIRTEL
TRUE,>10,<5.6,MH|AIRTEL
FALSE,>5,<4.6,WB|VODAFONE
FALSE,>10,<5.6,DL|JIO
FALSE,>10,<5,MP|JIO
TRUE,>20,<5.6,MH|AIRTEL
FALSE,>10,<5.2,UP|IDEA
FALSE,>10,<4.4,UP|JIO
FALSE,>10,<5.2,WB|JIO
FALSE,>5,<4.4,DL|AIRTEL
FALSE,>5,<5,CH|IDEA
TRUE,>5,<5,HR|VODAFONE
TRUE,>5,<4.4,MH|JIO
FALSE,>10,<5,MH|VODAFONE
FALSE,>20,<5.8,RJ|JIO
FALSE,>5,>6,MH|JIO
FALSE,>5,<5,KA|JIO
FALSE,>5,<5,KA|JIO
FALSE,>10,<5.6,BR|JIO
TRUE,>5,<5.6,RJ|AIRTEL
FALSE,>10,<5.8,HR|JIO
FALSE,>10,<5,KA|AIRTEL
TRUE,>10,<5,WB|IDEA
FALSE,>10,<5.6,TN|JIO
TRUE,>5,<5,HR|AIRTEL
FALSE,>10,<5.6,DL|BSNL
TRUE,>5,<5,HR|IDEA
FALSE,>10,<5.2,AS|JIO
FALSE,>10,<5.6,PB|AIRTEL
FALSE,>20,<5.6,MH|
FALSE,>10,<5.6,MH|JIO
TRUE,>10,<5.2,GJ|AIRTEL
FALSE,>5,<4.8,DL|JIO
FALSE,>10,<5,RJ|JIO
TRUE,>5,<4.6,DL|AIRTEL
FALSE,>10,<5.6,KA|JIO
TRUE,>10,<5.6,GJ|JIO
FALSE,>10,<5.2,MH|JIO
TRUE,>10,<5.6,HR|JIO
TRUE,>20,>6,MH|AIRTEL
FALSE,>5,<5,AP|JIO
FALSE,>5,<4.4,UP|JIO
FALSE,>5,<5,CH|JIO
TRUE,>5,<5,GJ|JIO
FALSE,>10,<5.8,HR|JIO
TRUE,>20,<5.6,DL|JIO
TRUE,>10,<5,MH|JIO
FALSE,>10,<5.6,BR|JIO
FALSE,>10,<5.6,UK|VODAFONE
FALSE,>10,<5.6,MH|AIRTEL
FALSE,>5,<4.8,GJ|AIRTEL
FALSE,>5,<5,MH|VODAFONE
TRUE,>5,<5,MH|VODAFONE
TRUE,>10,<5,OD|AIRTEL
FALSE,>5,<4.8,HR|JIO
FALSE,>10,<5.6,RJ|VODAFONE
FALSE,>5,>6,CT|IDEA
FALSE,>10,<5.6,BR|JIO
TRUE,>10,<5.6,GJ|IDEA
FALSE,>5,<4.6,UK|VODAFONE
FALSE,>5,<4.4,MH|AIRTEL
FALSE,>10,<5.6,MP|IDEA
FALSE,>10,<5.6,WB|JIO
FALSE,>10,<5.2,MH|JIO
TRUE,>10,<5,UP|JIO
FALSE,>5,<5,AS|JIO
TRUE,>10,<5.6,BR|AIRTEL
FALSE,>5,<4.2,DL|CELLONE
FALSE,>10,<5,GJ|AIRTEL
TRUE,>10,<5.6,MH|AIRTEL
FALSE,>10,<5.6,MH|JIO
FALSE,>5,<4.8,WB|JIO
TRUE,>10,<5,DL|JIO
TRUE,>5,<5.6,RJ|AIRTEL
FALSE,>5,<4.8,HR|VODAFONE
FALSE,>10,<5.6,TN|AIRTEL
TRUE,>5,>6,PB|VODAFONE
FALSE,>5,<4.8,TN|IDEA
TRUE,>10,<5,DL|VODAFONE
TRUE,>10,<5.6,GJ|AIRTEL
TRUE,>5,<4.8,UK|IDEA
TRUE,>5,<5,TN|AIRTEL
TRUE,>5,<5.6,RJ|AIRTEL
FALSE,>5,<4.4,GJ|VODAFONE
TRUE,>10,<5.6,RJ|AIRTEL
FALSE,>5,<4.8,KL|AIRTEL
FALSE,>5,<5,MH|JIO
FALSE,>5,<4.8,RJ|BSNL
TRUE,>10,<5.2,MH|AIRTEL
TRUE,>10,<5.6,MH|JIO
FALSE,>10,<5.6,KA|AIRTEL
FALSE,>10,<5.8,WB|JIO
FALSE,>5,<5,HR|JIO
FALSE,>20,<5,GJ|AIRTEL
FALSE,>10,<5.2,DL|VODAFONE
FALSE,>10,<5,MH|JIO
FALSE,>5,<5,RJ|IDEA
FALSE,>5,<5,KA|AIRTEL
FALSE,>10,<5.6,RJ|JIO
FALSE,>10,<5,GJ|VODAFONE
TRUE,>5,<5,MH|JIO
FALSE,>5,<5,HP|IDEA
FALSE,>5,<5,RJ|JIO
FALSE,>5,<5,GJ|JIO
FALSE,>5,<5,HR|IDEA
FALSE,>10,<5,TN|IDEA
FALSE,>10,<4.6,GJ|IDEA
FALSE,>20,<6,UP|VODAFONE
FALSE,>10,<5.6,MH|AIRTEL
FALSE,>5,<5,DL|VODAFONE
TRUE,>5,<5,TN|VODAFONE
FALSE,>10,<5.6,WB|JIO
FALSE,>10,<5.6,WB|VODAFONE
FALSE,>10,<5.6,GJ|AIRTEL
FALSE,>5,<5.6,UP|VODAFONE
FALSE,>10,<5,GJ|VODAFONE
TRUE,>5,<4.8,MP|JIO
FALSE,>5,<5,HR|AIRTEL
FALSE,>10,<5,DL|JIO
FALSE,>20,<5.6,BB|AIRTEL
FALSE,>10,<5.6,MH|AIRTEL
TRUE,>10,<5.6,MH|JIO
FALSE,>10,<5,UP|IDEA
FALSE,>5,<5,TN|JIO
TRUE,>5,<5.6,RJ|AIRTEL
FALSE,>10,<5.6,DL|JIO
FALSE,>5,<5.6,MH|VODAFONE
TRUE,>10,<5.6,RJ|AIRTEL
FALSE,>10,<5.6,TN|JIO
FALSE,>20,<5.8,RJ|IDEA
TRUE,>10,<5.2,MH|VODAFONE
TRUE,>5,<5,KL|JIO
FALSE,>5,<5.6,DL|
TRUE,>5,<4,UK|AIRTEL
FALSE,>5,<5,WB|JIO
FALSE,>10,<5.8,HR|AIRTEL
FALSE,>10,<5.6,MH|
TRUE,>10,<5.6,GJ|JIO
FALSE,>5,<5,MP|JIO
TRUE,>10,<5.6,RJ|AIRTEL
FALSE,>5,<4.2,HR|VODAFONE
FALSE,>5,<5,CH|JIO
FALSE,>10,<5.6,WB|AIRTEL
FALSE,>5,<5,RJ|JIO
FALSE,>10,<5,MH|AIRTEL
FALSE,>5,<5,DL|JIO
FALSE,>10,<5.8,GJ|VODAFONE
FALSE,>10,<5,RJ|JIO
FALSE,>10,<5.6,WB|JIO
FALSE,>10,<5.6,UP|JIO
TRUE,<5,<5,UK|AIRTEL
FALSE,>5,<5.2,WB|JIO
TRUE,>10,<5.2,UK|JIO
FALSE,>10,>6,DL|AIRTEL
FALSE,>5,<5.2,RJ|AIRTEL
FALSE,<5,<4.6,PB|JIO
TRUE,>10,<5,GJ|VODAFONE
FALSE,>5,<4,MH|
FALSE,>5,<4.8,UK|VODAFONE
FALSE,>10,<5.6,DL|IDEA
FALSE,>10,<5.2,UK|JIO
FALSE,>10,<5.6,MH|JIO
FALSE,>10,<5.2,UK|JIO
FALSE,<5,<4.4,JH|
FALSE,>10,<4.4,MP|JIO
FALSE,>5,<5,RJ|JIO
FALSE,<5,>6,RJ|CELLONE
FALSE,>10,<5,RJ|IDEA
TRUE,>5,<5.6,WB|VODAFONE
FALSE,>10,<5.6,DL|IDEA
FALSE,>5,<6,MH|AIRTEL
FALSE,<5,<4.4,WB|AIRTEL
TRUE,>10,<5.8,MH|JIO
FALSE,>20,<5.6,OD|
FALSE,>10,<5.6,AP|AIRTEL
FALSE,>10,<5.2,MH|IDEA
FALSE,>5,>6,GJ|
FALSE,>10,<4.2,KA|IDEA
FALSE,>20,<5.6,AP|BSNL
FALSE,>10,<5,WB|JIO
FALSE,>10,<5.2,UK|JIO
TRUE,>5,<5,GJ|VODAFONE
FALSE,>10,<5,MH|AIRTEL
FALSE,>20,<5.6,MH|IDEA
FALSE,>5,<5,WB|JIO
FALSE,>5,<4.8,MH|IDEA
FALSE,>10,<5.2,PB|JIO
TRUE,>5,<5,CT|JIO
FALSE,<5,<4,DL|AIRTEL
FALSE,>5,<5,RJ|AIRTEL
FALSE,>10,<5.2,HR|JIO
FALSE,>10,<5.6,BR|JIO
TRUE,>10,<5.8,GJ|VODAFONE
FALSE,>5,<5,DL|IDEA
FALSE,>5,<5.6,MH|JIO
FALSE,>5,<4.8,HR|IDEA
FALSE,>10,<4.2,HR|IDEA
TRUE,>5,<5,MH|JIO
FALSE,>10,<5.2,TN|JIO
FALSE,>10,<5.6,RJ|IDEA
FALSE,>10,<5.6,MP|JIO
FALSE,>10,<5,DL|AIRTEL
TRUE,>5,<4.8,TN|JIO
FALSE,>10,<5.6,JH|JIO
FALSE,>5,<4.6,MH|AIRTEL
FALSE,>5,<4.8,UP|JIO
FALSE,>10,<5.2,DL|JIO
FALSE,>5,<5.2,MH|JIO
TRUE,>10,<5.6,RJ|AIRTEL
FALSE,>10,<5.6,DL|VODAFONE
FALSE,<5,<4.4,MH|JIO
FALSE,>5,<5,KA|IDEA
FALSE,>5,<4.6,JH|JIO
FALSE,>10,<5.6,GJ|VODAFONE
FALSE,>5,<4.8,AP|AIRTEL
FALSE,>5,<5,PB|BSNL
TRUE,>5,>6,UK|JIO
TRUE,>20,<4.8,MH|IDEA
FALSE,>10,<5.6,HR|AIRTEL
FALSE,>5,<4.8,MH|VODAFONE
FALSE,>10,<5.6,RJ|JIO
FALSE,>5,<4,MH|VODAFONE
FALSE,>10,<5,MH|JIO
FALSE,>5,<4.6,MH|DOCOMO
FALSE,>10,<5.6,GJ|IDEA
FALSE,>5,<5,HR|IDEA
TRUE,>10,<5,MH|JIO
TRUE,>10,<5.6,RJ|AIRTEL
TRUE,>10,<5.8,HR|IDEA
FALSE,>5,<5,HR|JIO
FALSE,>5,<5,TN|AIRTEL
TRUE,>10,<5.6,RJ|AIRTEL
FALSE,>10,<5,MH|VODAFONE
FALSE,>10,<5.6,OD|JIO
TRUE,>5,<5,RJ|VODAFONE
FALSE,>5,<5,HR|JIO
TRUE,>10,<5.6,UK|JIO
FALSE,>10,<5,TN|AIRTEL
TRUE,>5,<5,TN|VODAFONE
FALSE,>5,<5,GJ|AIRTEL
TRUE,>10,<5.6,DL|AIRTEL
FALSE,>10,<5.6,RJ|JIO
FALSE,>10,<5.2,WB|JIO
FALSE,>5,<5,RJ|IDEA
FALSE,>10,<5.6,GJ|AIRTEL
FALSE,>10,<5,UP|JIO
FALSE,>10,<5.6,WB|VODAFONE
FALSE,>10,<5.6,PB|AIRTEL
TRUE,>10,<5.6,GJ|VODAFONE
FALSE,>5,<4.4,WB|AIRTEL
TRUE,>10,<5,GJ|IDEA
FALSE,>5,<4.8,MH|AIRTEL
TRUE,>20,<5.6,UK|AIRTEL
FALSE,>10,<5.6,MH|VODAFONE
FALSE,>10,<5,MH|IDEA
FALSE,>5,<5,MP|JIO
FALSE,>20,<6,MH|JIO
TRUE,>5,<5.6,RJ|AIRTEL
FALSE,>10,<5.2,DL|JIO
FALSE,>5,>6,WB|JIO
FALSE,>5,<5,RJ|AIRTEL
FALSE,>10,<5.6,HR|JIO
FALSE,>10,<5.6,DL|VODAFONE
FALSE,>5,<5,WB|JIO
FALSE,>10,<5,MH|JIO
FALSE,>10,<5.6,JH|JIO
FALSE,>5,<4.4,TN|AIRTEL
FALSE,>10,<5.6,UK|AIRTEL
FALSE,>10,<5.6,MH|VODAFONE
FALSE,>10,<5.6,GJ|AIRTEL
FALSE,>5,<4.6,HR|JIO
FALSE,>5,<5,WB|JIO
FALSE,>10,<5,RJ|JIO
FALSE,>5,<5.6,MP|VODAFONE
FALSE,>10,<5.6,RJ|AIRTEL
FALSE,<5,<4.4,RJ|IDEA
FALSE,>10,<5.8,RJ|AIRTEL
TRUE,>5,<4.8,JH|JIO
FALSE,>10,<4.6,TN|AIRTEL
FALSE,>10,<5.6,UP|JIO
FALSE,>5,<5.2,RJ|
FALSE,<5,<4.6,RJ|VODAFONE
FALSE,>20,<5.6,RJ|JIO
FALSE,>5,<4.6,MP|IDEA
FALSE,>10,<5,MH|JIO
FALSE,>5,<5,UP|JIO
FALSE,>10,<5.6,TN|JIO
FALSE,>10,<5,DL|IDEA
TRUE,>10,<5.6,WB|AIRTEL
TRUE,>5,<5,TN|JIO
FALSE,>5,<4.6,BR|JIO
TRUE,>5,<4.6,MP|IDEA
FALSE,>5,<5,RJ|JIO
FALSE,>10,<5.2,GJ|JIO
FALSE,>10,<5.6,RJ|AIRTEL
TRUE,>10,<5.6,RJ|AIRTEL
FALSE,>10,<5.6,DL|VODAFONE
FALSE,>5,<5,WB|AIRTEL
TRUE,>5,<4.8,TN|
TRUE,>5,<5,TN|JIO
FALSE,>5,<4,DL|VODAFONE
FALSE,>10,<5,RJ|JIO
FALSE,>10,<5.6,KA|JIO
TRUE,>5,>6,MH|AIRTEL
FALSE,>10,<5.6,MH|VODAFONE
FALSE,>10,<5.6,MP|JIO
FALSE,>10,<5.6,MH|VODAFONE
FALSE,>5,<4.8,TN|JIO
FALSE,>20,<6,KA|JIO
TRUE,>5,<4.8,RJ|JIO
FALSE,>5,>6,WB|JIO
FALSE,>5,<4.8,KA|AIRTEL
FALSE,>5,<5,TN|AIRTEL
FALSE,>10,<5.6,DL|IDEA
FALSE,>10,>6,DL|AIRTEL
FALSE,>10,<4.8,AP|JIO
FALSE,>10,<5.6,UP|JIO
TRUE,>5,<5.2,RJ|JIO
FALSE,>10,<5.6,DL|JIO
FALSE,>20,<5.6,DL|AIRTEL
FALSE,>10,<5.6,PB|JIO
FALSE,>5,<5,RJ|IDEA
FALSE,>10,<5.6,MH|JIO
FALSE,>5,<4.8,RJ|AIRTEL
FALSE,>10,<5.6,MH|JIO
FALSE,<5,<4.4,DL|VODAFONE
FALSE,>10,<5.2,KA|AIRTEL
FALSE,>5,<5,DL|IDEA
FALSE,>5,<4.6,GJ|JIO
FALSE,>20,<5.2,HR|AIRTEL
FALSE,>20,<5.6,WB|AIRTEL
TRUE,>10,<5,RJ|AIRTEL
FALSE,>10,<5.6,RJ|JIO
FALSE,>5,<4.4,MH|JIO
FALSE,>10,<5.6,BR|JIO
TRUE,>10,<5.6,RJ|VODAFONE
FALSE,>20,<5.6,DL|VODAFONE
FALSE,<5,<4.6,MP|JIO
FALSE,>10,<5.2,BR|AIRTEL
FALSE,>10,<5.6,TN|JIO
FALSE,>10,<5.8,WB|JIO
FALSE,>10,<5.6,MH|JIO
FALSE,>10,<5.6,MH|JIO
TRUE,>20,<4.8,WB|VODAFONE
FALSE,>5,<5,UK|IDEA
FALSE,>10,<5.6,KL|JIO
FALSE,>10,<5.6,MH|JIO
FALSE,>5,<5,MH|
TRUE,>10,<5.6,UP|AIRTEL
FALSE,>5,<5,UP|VODAFONE
TRUE,>5,<5,MH|JIO
FALSE,<5,<4,WB|IDEA
FALSE,>10,<5.8,MH|AIRTEL
FALSE,>10,<5.6,HR|JIO
FALSE,>5,<5,RJ|JIO
FALSE,>10,<5.6,HR|IDEA
FALSE,>5,<4.2,MH|VODAFONE
FALSE,>20,<5.6,UK|JIO
TRUE,>5,<5,DL|VODAFONE
TRUE,>10,<5.6,UK|JIO
FALSE,>5,<5,WB|AIRTEL
FALSE,>5,<5,MH|VODAFONE
FALSE,>5,<4.8,UP|VODAFONE
FALSE,>5,<5,RJ|JIO
FALSE,>5,<4.4,TN|VODAFONE
FALSE,>20,<5,TN|VODAFONE
FALSE,>10,<5.6,GJ|IDEA
FALSE,>10,<5.6,DL|AIRTEL
FALSE,>5,>6,RJ|AIRTEL
TRUE,>10,<5.6,MH|JIO
FALSE,>10,<5.6,RJ|JIO
FALSE,>10,<5.6,GJ|IDEA
FALSE,>5,<5,OD|CELLONE
FALSE,>5,<5.6,UP|JIO
TRUE,>10,<5.6,MH|AIRTEL
FALSE,>5,<4.8,DL|VODAFONE
FALSE,>10,<5.6,UK|VODAFONE
FALSE,>5,<4.8,RJ|VODAFONE
FALSE,>20,<5.6,JH|AIRTEL
FALSE,>10,<5,HR|JIO
FALSE,>5,<4.2,GJ|JIO
FALSE,>5,<4.8,DL|AIRTEL
FALSE,>10,<5.2,RJ|JIO
TRUE,>10,<5.6,WB|JIO
FALSE,>10,<5.2,KL|CELLONE
FALSE,>10,<5.6,RJ|JIO
FALSE,>5,<4.2,DL|VODAFONE
FALSE,>5,<5,MH|IDEA
FALSE,>5,<4.8,MH|JIO
FALSE,>10,<5.2,RJ|JIO
FALSE,>10,<5.6,RJ|AIRTEL
FALSE,>10,<5.6,HR|VODAFONE
FALSE,>5,<5,KA|AIRTEL
FALSE,>10,<5,AP|JIO
FALSE,>20,<5.6,PB|VODAFONE
FALSE,>5,<4.8,MP|IDEA
FALSE,>5,<5,CH|IDEA
FALSE,>10,<5.2,RJ|BSNL
FALSE,>10,<5.6,RJ|JIO
FALSE,<5,<4.4,UK|IDEA
FALSE,<5,<4.4,MH|VODAFONE
FALSE,>5,<5,GJ|VODAFONE
FALSE,>10,<5.6,UP|BSNL
FALSE,>10,<5.2,MH|IDEA
FALSE,>10,<5.6,MH|IDEA
FALSE,>5,<5,TN|
FALSE,>10,<5.2,AP|BSNL
FALSE,<5,<5.2,JH|JIO
FALSE,>5,<4,KA|VODAFONE
FALSE,<5,<4.6,JH|JIO
FALSE,>10,<5.8,MP|IDEA
FALSE,>5,<4.8,UP|JIO
FALSE,>5,>6,DL|
FALSE,>5,<5,KA|JIO
FALSE,>5,>6,BR|JIO
FALSE,>5,<5,DL|JIO
FALSE,>5,<5.2,KA|AIRTEL
FALSE,>5,<5.4,BR|AIRCEL
FALSE,>10,<5.2,KA|JIO
FALSE,>10,<5.6,UP|AIRTEL
TRUE,>10,<5.8,MH|AIRTEL
FALSE,>10,<5.2,PB|AIRTEL
FALSE,>10,<5.2,TN|JIO
FALSE,>5,<4.8,MH|
FALSE,>5,<4.8,MH|JIO
FALSE,>5,>6,UP|IDEA
FALSE,<5,<4.4,KA|AIRTEL
FALSE,>5,<5,WB|AIRTEL
FALSE,>10,<5.6,DL|VODAFONE
FALSE,>10,<5.8,WB|JIO
FALSE,>10,<5.2,DL|JIO
FALSE,>10,<5.2,GJ|VODAFONE
FALSE,>10,<5.2,WB|JIO
FALSE,>10,<5.6,HR|JIO
FALSE,<5,<4.4,KA|VODAFONE
FALSE,>5,<5,GJ|VODAFONE
FALSE,>5,>6,CT|JIO
FALSE,>5,<5,OD|IDEA
TRUE,>10,<5.6,DL|VODAFONE
FALSE,>5,>6,WB|JIO
FALSE,>10,<4.8,WB|
FALSE,>5,<5,MH|JIO
TRUE,>5,<4.4,PB|
TRUE,>10,<5.8,MH|AIRTEL
TRUE,>10,<5.2,GJ|JIO
FALSE,>5,<6,DL|AIRTEL
FALSE,>10,<5.8,MH|JIO
TRUE,>10,<5,MH|JIO
FALSE,>10,<5.8,WB|JIO
FALSE,>5,<5,RJ|JIO
FALSE,>5,<4.4,RJ|IDEA
FALSE,>5,<5,MH|VODAFONE
FALSE,>5,<5,RJ|IDEA
FALSE,>10,<4.8,MH|AIRTEL
FALSE,>10,<4.4,TN|IDEA
FALSE,<5,<4.2,GJ|IDEA
FALSE,>5,<4.8,MH|JIO
FALSE,>10,<5.6,UP|JIO
FALSE,>10,<5.2,RJ|AIRTEL
FALSE,>5,<4.8,MH|IDEA
FALSE,>5,<4.8,DL|IDEA
FALSE,>10,<5.2,WB|VODAFONE
FALSE,>5,<4.8,DL|JIO
FALSE,>10,<5.2,BR|IDEA
TRUE,>5,>6,UK|AIRTEL
FALSE,>5,<4.4,WB|VODAFONE
FALSE,>10,<4.8,AP|AIRTEL
FALSE,>5,<5.2,TN|JIO
FALSE,>5,<4.2,GJ|VODAFONE
FALSE,>5,<5,MH|JIO
FALSE,>5,<4.8,KL|JIO
FALSE,>5,<4.8,MH|VODAFONE
FALSE,>5,<4.8,DL|AIRTEL
FALSE,>5,<5,RJ|AIRTEL
TRUE,>10,<5.6,UK|JIO
FALSE,>10,<5.6,RJ|AIRTEL
FALSE,>10,<4.4,MH|VODAFONE
FALSE,>5,<5.2,MH|VODAFONE
FALSE,>5,<4.6,HR|IDEA
FALSE,>10,<5.6,DL|JIO
FALSE,>5,<4.4,DL|AIRTEL
FALSE,>10,<5.2,MH|AIRTEL
FALSE,>5,<4.8,MH|JIO
TRUE,>20,<5.2,DL|IDEA
FALSE,>10,<5,HP|VODAFONE
FALSE,>10,<5.6,CH|VODAFONE
FALSE,>10,<5.2,UK|JIO
FALSE,>10,<5.8,DL|JIO
FALSE,>5,>6,HR|JIO
FALSE,>10,<5.6,TN|AIRTEL
TRUE,>20,<6,AP|AIRTEL
FALSE,>10,<5.6,MH|AIRTEL
FALSE,>5,<5.6,WB|JIO
FALSE,>20,<5.8,RJ|JIO
FALSE,>5,<5,UP|JIO
FALSE,>10,<5.6,MH|VODAFONE
FALSE,>5,<5.6,MH|VODAFONE
FALSE,>5,<4.8,MH|JIO
FALSE,>20,<5.6,DL|IDEA
FALSE,>5,<5.2,MH|AIRTEL
FALSE,>5,<4.8,DL|JIO
FALSE,>5,>6,RJ|JIO
FALSE,>10,<5.6,GJ|VODAFONE
FALSE,>5,<4.6,PB|DOCOMO
TRUE,>10,<5.6,MH|JIO
FALSE,>5,<4.8,DL|AIRTEL
FALSE,>20,<5.6,UK|AIRTEL
FALSE,>10,<5,MH|JIO
FALSE,>10,<5.6,KA|JIO
FALSE,>5,<5.2,MH|AIRTEL
FALSE,>10,<5,RJ|AIRTEL
FALSE,>10,<5.6,MH|IDEA
TRUE,>10,<5,MP|IDEA
FALSE,>5,<4.8,DL|JIO
FALSE,>5,<4.8,MH|JIO
TRUE,>5,<5,KA|JIO
TRUE,>5,<4.8,HR|JIO
FALSE,>10,<5.2,KA|JIO
FALSE,>5,<5.2,GJ|AIRTEL
FALSE,>10,<5.6,PB|AIRTEL
FALSE,>5,<4.8,HR|JIO
FALSE,>10,<5.6,RJ|IDEA
FALSE,>10,<5.6,WB|AIRTEL
FALSE,>10,<5.6,GJ|IDEA
FALSE,>20,<5.2,MH|VODAFONE
FALSE,>10,<5.6,MH|AIRTEL
FALSE,>10,<5.8,RJ|VODAFONE
FALSE,>10,<4.8,BR|AIRTEL
FALSE,>5,<4.4,WB|JIO
FALSE,>5,<4.6,MH|IDEA
FALSE,>20,<5.6,WB|AIRTEL
FALSE,>10,<5.6,RJ|AIRTEL
FALSE,<5,<4.2,MH|VODAFONE
FALSE,>5,<4.4,DL|AIRTEL
FALSE,>10,<5,JH|AIRTEL
FALSE,>5,<4.6,GJ|IDEA
TRUE,>10,<5.2,TN|AIRTEL
FALSE,<5,<4.6,UP|JIO
FALSE,>10,<5,WB|VODAFONE
FALSE,>10,<5.2,MH|VODAFONE
TRUE,>5,<5,WB|AIRTEL
FALSE,>5,<4.4,WB|
FALSE,>10,<5.6,GJ|AIRTEL
FALSE,>5,<5,MH|
FALSE,>5,<4.8,TN|JIO
FALSE,>5,>6,DL|JIO
FALSE,>20,<4.6,GJ|DOCOMO
FALSE,>20,<6,DL|AIRTEL
TRUE,>10,<5,RJ|IDEA
FALSE,>10,<5.2,GJ|JIO
FALSE,>10,<5.6,TN|AIRTEL
FALSE,>20,<4.8,MH|VODAFONE
TRUE,>10,<5.6,DL|JIO
FALSE,>5,<4.8,HR|JIO
FALSE,>10,<5.6,UP|VODAFONE
FALSE,>10,<5.6,TN|JIO
FALSE,>5,<4.4,GJ|AIRTEL
FALSE,>5,<4.8,MH|AIRTEL
FALSE,>10,<5.6,MH|AIRCEL
FALSE,>10,<5.6,DL|AIRTEL
FALSE,>20,<5.8,AP|AIRTEL
FALSE,>10,<5.6,DL|JIO
FALSE,>20,<5.6,MH|IDEA
FALSE,>5,<4.4,HR|
FALSE,>10,<5.6,UP|VODAFONE
TRUE,>20,<5.6,WB|IDEA
FALSE,>5,<4.4,MH|TELENOR
FALSE,>5,<5,MH|JIO
FALSE,>10,<5,MH|VODAFONE
FALSE,>10,<5.6,GJ|VODAFONE
FALSE,>10,<5.6,MH|AIRTEL
FALSE,>10,<5.6,UP|JIO
FALSE,<5,<4.2,TN|JIO
FALSE,>10,<5.6,CH|CELLONE
FALSE,<5,<4.6,TN|AIRTEL
FALSE,>10,<5,KA|CELLONE
FALSE,>10,<5.6,OD|JIO
FALSE,>5,<6,DL|JIO
FALSE,>20,<5.2,RJ|AIRTEL
TRUE,>10,<5.6,MH|VODAFONE
TRUE,>20,<5.6,TN|JIO
FALSE,>10,<5,DL|AIRTEL
FALSE,>10,<5.6,GJ|AIRTEL
FALSE,>10,<5.6,DL|JIO
FALSE,>20,<5.2,HR|AIRTEL
FALSE,>5,<4.6,MP|IDEA
FALSE,>10,<5.2,KA|JIO
FALSE,>20,<5.6,WB|VODAFONE
TRUE,>10,<5.2,DL|AIRTEL
FALSE,>10,<5.6,DL|VODAFONE
FALSE,>5,<5.6,RJ|
FALSE,>20,<5.2,MP|JIO
FALSE,>5,<4.8,KA|JIO
TRUE,>5,<4.8,MH|JIO
FALSE,>5,<4.8,MH|AIRTEL
FALSE,>10,<5.6,TN|AIRCEL
FALSE,>10,<5,GJ|VODAFONE
FALSE,>10,<5.6,GA|AIRTEL
FALSE,>20,<6,MH|AIRTEL
FALSE,>10,<5.8,HP|JIO
FALSE,>10,<5.2,MH|AIRTEL
FALSE,>5,<5.6,TN|JIO
FALSE,>40,<5.8,RJ|VODAFONE
FALSE,>20,<5.6,GJ|AIRTEL
FALSE,>10,<5.6,BR|BSNL
FALSE,>10,<5.2,DL|VODAFONE
FALSE,>10,<4.4,MH|JIO
FALSE,>20,<5.8,WB|IDEA
FALSE,>5,<4.8,WB|JIO
FALSE,>5,<5,RJ|JIO
FALSE,>10,<5.6,UP|JIO
FALSE,>10,<5.2,RJ|JIO
FALSE,>20,<5.2,CH|IDEA
FALSE,>5,<4.6,TR|JIO
FALSE,>10,<5.6,DL|AIRTEL
FALSE,>10,<5.6,MH|JIO
FALSE,>10,<5.6,UP|JIO
FALSE,>5,<4.6,BR|AIRTEL
FALSE,>5,<4.4,TN|AIRTEL
FALSE,>10,<5.6,BR|JIO
FALSE,>10,>6,MH|AIRTEL
FALSE,>10,>6,MH|VODAFONE
FALSE,>5,<4.2,DL|JIO
FALSE,>20,<5.6,KL|JIO
FALSE,>10,<4.6,RJ|AIRTEL
FALSE,>20,<5.6,TN|VODAFONE
FALSE,>10,<5,DL|JIO
FALSE,>10,<5,WB|JIO
FALSE,>10,<4.4,HR|JIO
TRUE,>10,<5,MH|AIRTEL
FALSE,>10,<5.6,GJ|IDEA
FALSE,>10,<5.6,HR|IDEA
FALSE,>5,<4.4,RJ|
FALSE,>5,<5,DL|VODAFONE
FALSE,>20,<5.6,MH|IDEA
FALSE,>20,<5.6,RJ|AIRTEL
FALSE,>10,<5.2,GJ|IDEA
FALSE,>10,<5.2,RJ|JIO
TRUE,>5,<5.2,MH|JIO
FALSE,>5,<5.2,MH|JIO
TRUE,<5,<4.6,MH|JIO
TRUE,>10,<5,MP|JIO
FALSE,>20,<5.6,CH|JIO
FALSE,>10,<5.2,MH|VODAFONE
FALSE,>10,<5.6,WB|JIO
FALSE,>5,<5,MH|JIO
FALSE,>10,<5,KA|VODAFONE
FALSE,>10,<5.6,MH|JIO
FALSE,>5,<5,RJ|AIRTEL
FALSE,>5,<4.6,UK|AIRTEL
FALSE,>10,<5.6,RJ|VODAFONE
TRUE,>5,<4.8,WB|JIO
FALSE,>10,<5.6,HR|JIO
FALSE,>20,<5.2,DL|AIRTEL
FALSE,>10,<5.6,TN|JIO
FALSE,>10,<5,DL|JIO
TRUE,>10,<5.6,WB|JIO
FALSE,>10,<5.6,MH|JIO
FALSE,>5,<4.8,RJ|JIO
FALSE,>10,<5,WB|
FALSE,>5,<4.8,TN|JIO
FALSE,>10,<5.6,GJ|IDEA
TRUE,>10,<5.6,DL|VODAFONE
FALSE,>5,>6,DL|JIO
TRUE,>20,<5.2,DL|VODAFONE
FALSE,>5,<4.8,GJ|VODAFONE
FALSE,>10,<5.2,DL|JIO
TRUE,>20,<5.6,KA|JIO
FALSE,>20,<5.6,AS|AIRTEL
FALSE,>10,<5.2,RJ|VODAFONE
FALSE,>10,<5.6,MH|IDEA
FALSE,>5,<4.6,DL|AIRTEL
FALSE,>5,<4.8,RJ|AIRTEL
FALSE,<5,<4.4,TN|BSNL
FALSE,>5,>6,DL|JIO
FALSE,>5,<4.6,GJ|AIRTEL
FALSE,>20,<5.6,MH|IDEA
FALSE,>5,<4.6,GJ|AIRTEL
FALSE,>10,<5.6,WB|JIO
TRUE,>5,<4.6,JH|AIRTEL
FALSE,>10,<5.6,TN|JIO
FALSE,>10,<5.6,DL|AIRTEL
FALSE,>5,<4.8,TN|JIO
FALSE,>20,<5.6,JH|AIRTEL
FALSE,>10,<5.6,CH|AIRTEL
FALSE,>10,<5,MH|VODAFONE
FALSE,>10,<5,WB|JIO
FALSE,>10,<5.6,MH|IDEA
FALSE,>5,<5.2,MH|IDEA
FALSE,>5,<4.4,PB|AIRTEL
FALSE,>20,<5.6,DL|AIRTEL
FALSE,>5,<4.8,KA|IDEA
FALSE,>5,<5,UP|AIRCEL
FALSE,>10,<5.2,AP|JIO
FALSE,>20,<5.2,DL|AIRTEL
FALSE,>10,<5.6,PB|IDEA
FALSE,>10,<5.2,HR|JIO
FALSE,>10,<5.6,DL|JIO
FALSE,>10,<5,HR|JIO
FALSE,>10,<5.2,MH|VODAFONE
FALSE,>10,<5.6,MH|JIO
FALSE,>5,<5,TN|VODAFONE
FALSE,>10,<5.8,RJ|AIRTEL
TRUE,>10,<5.6,OD|IDEA
FALSE,>10,<5.6,BR|JIO
FALSE,>10,<4.4,GJ|AIRTEL
TRUE,>10,<5.6,DL|IDEA
FALSE,>10,<5.6,MH|JIO
FALSE,>5,<5.2,GJ|VODAFONE
TRUE,>10,<5,RJ|JIO
FALSE,>10,<5.6,MP|JIO
FALSE,>10,>6,GJ|IDEA
FALSE,>20,<5.6,CT|IDEA
FALSE,>10,<5.2,KA|AIRTEL
FALSE,>10,<5.2,TN|AIRTEL
FALSE,>5,<4,AS|VODAFONE
FALSE,>10,<5.2,MH|VODAFONE
TRUE,>5,<4.8,MH|AIRTEL
FALSE,>5,<4.6,KA|AIRTEL
FALSE,>10,<5.6,KA|AIRTEL
FALSE,>10,<5,MH|IDEA
FALSE,>5,<4.8,GJ|IDEA
FALSE,>5,<4.4,GJ|IDEA
FALSE,>5,<5.6,TN|AIRTEL
TRUE,>5,<5,CH|VODAFONE
FALSE,>10,<5.6,BR|AIRTEL
FALSE,>10,<5.2,KA|JIO
FALSE,>5,<4.6,KA|VODAFONE
FALSE,>10,>6,MH|AIRTEL
FALSE,>10,<5.6,KA|AIRTEL
FALSE,>10,<5.6,DL|JIO
FALSE,>10,<5,MH|JIO
FALSE,>5,<5,GJ|IDEA
FALSE,>10,<5.6,TN|JIO
FALSE,>5,<4.8,MP|IDEA
FALSE,>10,<5.6,CH|AIRTEL
FALSE,>10,<5.2,MH|JIO
TRUE,>5,<4.6,TN|AIRTEL
TRUE,>10,<5.8,BR|JIO
FALSE,>20,<5.6,GA|STARHUB
FALSE,>10,<5.6,RJ|IDEA
TRUE,>10,<5.6,KA|AIRTEL
FALSE,>5,<4.6,MH|JIO
FALSE,>5,<5,MH|JIO
FALSE,>10,<5.6,MH|VODAFONE
FALSE,>10,<5.2,KA|AIRTEL
FALSE,>10,<5.6,TN|JIO
FALSE,>10,<4.8,RJ|JIO
FALSE,>10,<5.6,MH|IDEA
FALSE,>10,<5.6,WB|AIRTEL
FALSE,>10,<5.6,WB|JIO
FALSE,>40,<4.8,AP|AIRTEL
TRUE,>10,<5.6,HR|VODAFONE
FALSE,>10,<5.6,KL|CELLONE
FALSE,>5,<4.8,UP|VODAFONE
FALSE,>5,<4.8,UK|JIO
TRUE,>10,<5.8,DL|JIO
FALSE,>5,<4.6,MH|JIO
FALSE,>5,>6,GJ|JIO
FALSE,>10,<5.2,PB|AIRTEL
FALSE,>5,<4.8,TN|AIRCEL
FALSE,>10,<5.6,WB|JIO
TRUE,>10,<5.6,MH|VODAFONE
FALSE,>5,<5,GJ|AIRTEL
FALSE,>10,<5,UP|JIO
FALSE,>10,<5.6,RJ|AIRTEL
FALSE,>10,<5.2,GJ|JIO
FALSE,>10,<5,DL|VODAFONE
FALSE,>10,<5.6,MH|JIO
FALSE,>5,<4.6,WB|JIO
FALSE,>10,<5,UK|VODAFONE
FALSE,>10,<5.6,MH|JIO
FALSE,>10,<5.6,MH|AIRTEL
FALSE,>5,<5,DL|JIO
FALSE,>10,<5.6,JH|JIO
FALSE,>10,<5.6,WB|JIO
FALSE,>10,<5,GJ|VODAFONE
TRUE,>5,<4.4,UP|AIRTEL
FALSE,>40,<5.8,UP|AIRTEL
FALSE,>5,<4.8,TN|JIO
FALSE,>5,<5,WB|JIO
FALSE,>10,<5,MH|JIO
FALSE,>10,<5.6,GJ|VODAFONE
FALSE,>10,<5.8,KA|JIO
FALSE,>5,<5,UP|
FALSE,>5,<4.4,TN|VODAFONE
FALSE,>5,<4.4,UP|AIRTEL
FALSE,>10,<5,RJ|JIO
FALSE,>20,<5.2,HR|VODAFONE
FALSE,>20,<5.6,DL|AIRTEL
FALSE,>10,<5.8,MH|VODAFONE
FALSE,>5,<4.4,GJ|VODAFONE
FALSE,>5,<4.8,PB|IDEA
FALSE,>20,<4.4,MH|
TRUE,>10,<5.6,GJ|JIO
FALSE,>10,<5.2,AP|VODAFONE
FALSE,>10,<5.6,GJ|AIRTEL
FALSE,>5,<5.2,MH|JIO
FALSE,>10,<5.6,MH|VODAFONE
FALSE,>20,<5.6,DL|VODAFONE
FALSE,>5,<4.8,HR|VODAFONE
FALSE,>5,>6,GJ|JIO
FALSE,>10,<5.6,RJ|JIO
FALSE,>10,<5.2,AP|IDEA
FALSE,>5,<5,MH|AIRTEL
FALSE,>10,<4.8,MH|VODAFONE
FALSE,>5,<4.8,WB|JIO
FALSE,>10,<5,GJ|JIO
FALSE,>5,<4.8,GJ|JIO
FALSE,>10,<5.2,HR|JIO
FALSE,>10,<5.2,MH|VODAFONE
FALSE,>5,<4.4,GJ|VODAFONE
FALSE,>10,<5.6,KA|JIO
FALSE,>10,<5.2,OD|AIRTEL
FALSE,>10,<5.8,HR|JIO
FALSE,>10,<5.2,MH|AIRTEL
FALSE,>10,<5.2,MH|JIO
FALSE,>20,<5.6,CH|AIRTEL
FALSE,>10,<5.6,WB|VODAFONE
FALSE,>10,<5.8,WB|IDEA
FALSE,>5,<4.8,UP|HUTCH
FALSE,>10,<5.2,TN|JIO
FALSE,>5,<4.8,DL|CELLONE
FALSE,>5,>6,TN|VODAFONE
FALSE,>10,<5.2,MH|JIO
FALSE,>10,<5.6,RJ|AIRTEL
FALSE,>10,<5.6,RJ|JIO
TRUE,>20,<5.6,DL|AIRTEL
FALSE,>5,<5.6,WB|AIRTEL
FALSE,>5,<5,MH|JIO
FALSE,>10,<5.6,RJ|JIO
FALSE,>5,<4.8,WB|JIO
FALSE,>10,<5.6,HR|JIO
FALSE,>10,<5,OD|JIO
TRUE,>10,<5.6,UP|JIO
FALSE,>10,<5,DL|IDEA
FALSE,>5,<5,HR|JIO
FALSE,>5,<5,GJ|VODAFONE
FALSE,>10,<5.6,DL|JIO
FALSE,>10,<4.8,WB|AIRTEL
TRUE,>5,<4.8,DL|AIRTEL
FALSE,>10,<5.6,GJ|AIRTEL
FALSE,>10,<5.2,KA|AIRTEL
FALSE,>5,<4.8,DL|JIO
FALSE,>10,<5.6,WB|JIO
FALSE,>10,<5,HR|JIO
FALSE,>10,<5.6,WB|JIO
FALSE,>10,<5.6,KA|AIRTEL
FALSE,>20,<5.2,WB|VODAFONE
FALSE,>10,<5.6,GJ|JIO
FALSE,>20,<4.8,GJ|JIO
FALSE,>10,<5.6,MH|JIO
FALSE,>10,<5.6,TN|AIRTEL
FALSE,>10,<5.2,MH|IDEA
FALSE,>20,<6,MH|VODAFONE
FALSE,<5,<4.4,GJ|AIRTEL
TRUE,>10,<5.8,HR|VODAFONE
FALSE,>10,<5.6,OD|JIO
FALSE,>20,<6,UK|JIO
FALSE,>10,<5.2,CH|AIRTEL
FALSE,>10,<5.2,TN|AIRTEL
TRUE,>5,<5.6,WB|IDEA
FALSE,>10,<5.2,MH|JIO
TRUE,>10,<5.6,AP|JIO
FALSE,>10,<5.2,WB|JIO
FALSE,>40,<5.8,DL|AIRTEL
FALSE,>5,<4.4,GJ|IDEA
FALSE,>5,<5,DL|IDEA
FALSE,>5,<5.2,HR|IDEA
FALSE,>5,<4.8,WB|VODAFONE
FALSE,>10,<5.8,DL|VODAFONE
FALSE,>10,<5.8,DL|JIO
FALSE,>10,<5.6,MH|IDEA
TRUE,>5,<4.8,WB|JIO
FALSE,>10,<5,RJ|IDEA
FALSE,>10,<5.6,HR|JIO
FALSE,>20,<6,GJ|AIRTEL
FALSE,>10,<5.6,DL|VODAFONE
FALSE,>40,<5.8,DL|JIO
FALSE,>10,<5.8,DL|
FALSE,>10,<5.6,AP|JIO
FALSE,>20,<5,BR|VODAFONE
FALSE,>10,<5.6,DL|AIRTEL
FALSE,>10,<5.2,TN|AIRTEL
FALSE,>10,<5.2,DL|VODAFONE
FALSE,>10,<5.2,MH|JIO
FALSE,>10,<5.6,WB|VODAFONE
FALSE,>10,<5,DL|JIO
FALSE,>10,<5,KA|JIO
TRUE,>20,<4.8,GJ|VODAFONE
FALSE,>10,<5.6,MH|JIO
FALSE,>5,<4.6,KA|AIRTEL
FALSE,>10,<5.6,GJ|VODAFONE
FALSE,>10,<5.2,TN|AIRCEL
FALSE,<5,<4.2,TN|VODAFONE
FALSE,>10,<5.6,DL|AIRTEL
FALSE,>10,<5,MH|JIO
FALSE,>10,<5.2,DL|VODAFONE
FALSE,>5,<4.8,WB|AIRTEL
FALSE,>5,<4.6,MH|JIO
FALSE,>20,<5,CH|AIRTEL
FALSE,>10,<5.6,UK|
FALSE,>5,<5,TN|JIO
FALSE,>5,<5,GJ|IDEA
FALSE,>10,<5.6,CT|JIO
FALSE,>5,<5,KA|JIO
FALSE,>5,<4.8,GJ|IDEA
FALSE,>10,<5.8,WB|JIO
FALSE,>20,<5.6,MH|IDEA
FALSE,>40,<4.8,KA|AIRTEL
FALSE,>10,<4.6,GJ|VODAFONE
FALSE,>10,<5.2,DL|AIRTEL
FALSE,>10,<5.2,DL|VODAFONE
TRUE,>10,<5.6,DL|AIRTEL
FALSE,>5,<5.6,KA|AIRTEL
FALSE,>10,<5.6,WB|JIO
FALSE,>10,<5.2,CT|BSNL
FALSE,<5,<4.4,HR|AIRTEL
FALSE,>10,<5.6,GJ|IDEA
FALSE,>10,<5.6,RJ|VODAFONE
FALSE,>10,<5.6,PB|AIRTEL
TRUE,>5,<4.4,UP|AIRTEL
FALSE,>10,<5.6,KL|JIO
FALSE,>10,<4.4,MH|AIRTEL
FALSE,>10,<5,HR|
FALSE,>5,<5.2,KA|AIRTEL
FALSE,>20,<5.6,DL|AIRTEL
FALSE,>10,<5.8,MH|
TRUE,>10,<5.6,DL|JIO
FALSE,>10,<5.2,DL|JIO
FALSE,>10,<5.2,KA|VODAFONE
FALSE,>5,<5,MP|BSNL
FALSE,>10,<5.6,DL|VODAFONE
TRUE,>10,<5.6,TN|JIO
FALSE,>10,<5.2,MH|IDEA
FALSE,>5,<4.8,GJ|JIO
FALSE,>5,<4.4,GJ|AIRTEL
FALSE,>10,<4.4,MH|IDEA
FALSE,>5,<5.2,MH|IDEA
FALSE,>10,<5.6,RJ|JIO
FALSE,<5,<4.2,AP|BSNL
FALSE,>5,<4.8,WB|AIRTEL
FALSE,>5,<5,HR|BSNL
FALSE,>5,>6,GJ|BSNL
FALSE,>10,<5.2,GJ|AIRTEL
TRUE,<5,<4.6,RJ|JIO
FALSE,>10,<5.2,WB|JIO
FALSE,>5,<4.8,MH|JIO
FALSE,>10,<5.6,GJ|JIO
FALSE,>10,<4.4,MP|JIO
FALSE,>10,<5,WB|AIRTEL
FALSE,>5,<4.2,RJ|VODAFONE
FALSE,>10,<5.6,DL|VODAFONE
TRUE,>10,<5.2,HR|VODAFONE
FALSE,>10,<5.6,TN|AIRTEL
FALSE,>5,>6,GJ|VODAFONE
FALSE,>5,<5,MP|JIO
FALSE,>5,<4.6,MH|AIRTEL
FALSE,>10,<5.6,AP|JIO
FALSE,>10,<5.6,MH|JIO
FALSE,>5,<5.2,UP|AIRTEL
FALSE,>10,<5.6,HR|JIO
FALSE,>20,<5.6,GJ|JIO
FALSE,>10,<5.6,MH|JIO
FALSE,>5,<4.8,GJ|JIO
FALSE,>5,<5,UK|JIO
FALSE,>10,<5.2,TN|AIRTEL
FALSE,>5,<5,WB|AIRTEL
FALSE,>5,<4.8,PB|JIO
FALSE,>5,<4.6,GJ|JIO
FALSE,>5,<5,DL|VODAFONE
FALSE,>5,<5,MH|VODAFONE
TRUE,>10,<5.6,DL|IDEA
FALSE,>5,<4.8,TN|IDEA
FALSE,>5,<4.6,RJ|VODAFONE
FALSE,>10,<4.6,RJ|JIO
FALSE,>10,<5.6,RJ|JIO
FALSE,>20,<5.6,MH|IDEA
FALSE,>10,<5.6,KA|
FALSE,>20,<5.8,HR|VODAFONE
FALSE,>10,<5.8,KL|BSNL
FALSE,>5,<5,MH|AIRTEL
FALSE,>10,<5.2,WB|AIRTEL
FALSE,>10,<5,TN|VODAFONE
FALSE,>5,<4.2,GJ|AIRTEL
FALSE,>5,<5,BR|JIO
FALSE,>10,<5.2,DL|JIO
FALSE,>5,<5,RJ|VODAFONE
FALSE,>10,<5.2,DL|JIO
FALSE,>5,<4.4,MH|AIRTEL
FALSE,>5,<4.6,MH|AIRTEL
FALSE,<5,>6,DL|AIRTEL
FALSE,>5,<4.4,TN|JIO
TRUE,>5,<4.4,PB|JIO
FALSE,>5,<4.8,WB|JIO
TRUE,>10,<5.6,TN|AIRTEL
FALSE,>5,<4.6,DL|VODAFONE
FALSE,>20,<5,DL|VODAFONE
FALSE,>5,<4.4,MH|JIO
FALSE,<5,<4.6,KA|AIRTEL
FALSE,>10,<5.2,RJ|JIO
FALSE,>5,>6,RJ|BSNL
TRUE,>5,<5,MP|AIRTEL
FALSE,>5,<4.8,RJ|AIRTEL
FALSE,<5,<4.6,HR|JIO
FALSE,>10,<5.6,TN|JIO
FALSE,>5,<5,MH|VODAFONE
TRUE,>10,<5.8,RJ|IDEA
FALSE,>5,<4.4,DL|AIRTEL
FALSE,>10,<5.6,RJ|JIO
FALSE,>10,<5.4,KA|IDEA
FALSE,>10,<5,HR|IDEA
FALSE,>20,<5.2,HR|BSNL
FALSE,>10,<5.2,AS|JIO
FALSE,>20,<5.6,GJ|JIO
FALSE,>10,<5.6,DL|IDEA
FALSE,>10,<5.2,TN|VODAFONE
FALSE,>5,<5,MH|AIRTEL
FALSE,>5,<5,MP|JIO
FALSE,>10,<5.6,KA|JIO
FALSE,>20,<5.8,GJ|DOCOMO
TRUE,>5,<5,DL|AIRTEL
FALSE,>20,<5.6,DL|VODAFONE
FALSE,>10,<5.6,WB|JIO
FALSE,>10,<5.6,KA|JIO
FALSE,>10,<5.2,MP|JIO
FALSE,>10,<5.8,DL|JIO
FALSE,>20,<5.6,HR|IDEA
FALSE,<5,<5.2,HP|AIRTEL
FALSE,>10,<5.2,AP|IDEA
FALSE,>5,<5.2,TN|VODAFONE
FALSE,>5,<5,GJ|JIO
FALSE,>5,>6,AP|
FALSE,>5,<4.8,CH|AIRTEL
TRUE,>10,>6,GJ|IDEA
FALSE,>20,>6,TN|AIRTEL
FALSE,>10,<5.2,TN|JIO
TRUE,>10,<5.6,GJ|JIO
FALSE,>5,<4.8,WB|JIO
FALSE,>5,<5,GJ|IDEA
FALSE,>10,<5.6,UK|JIO
TRUE,>10,<5.6,HR|IDEA
FALSE,>10,<5.2,DL|JIO
TRUE,>5,<4.8,MH|VODAFONE
FALSE,>5,<5,RJ|JIO
FALSE,>10,<5.6,MP|AIRTEL
FALSE,>5,<5.2,RJ|JIO
FALSE,>10,<5.8,DL|VODAFONE
FALSE,>5,<5,GJ|AIRTEL
FALSE,>10,<5.6,MH|CELLONE
FALSE,>10,<5.8,MH|IDEA
FALSE,>5,<4.4,DL|JIO
TRUE,>5,<5,PB|AIRTEL
FALSE,>10,<5.6,RJ|JIO
FALSE,>10,<5,MH|AIRTEL
TRUE,>10,<5.6,UP|AIRTEL
TRUE,>5,<5,HR|VODAFONE
TRUE,>10,<5.6,DL|IDEA
FALSE,>10,<5.8,OD|JIO
TRUE,>10,<5.2,RJ|VODAFONE
FALSE,>5,<4.8,RJ|IDEA
FALSE,>10,<5.6,HR|JIO
TRUE,>10,<5.2,MH|VODAFONE
FALSE,>10,<5,GJ|VODAFONE
FALSE,>10,<5.6,UK|JIO
FALSE,<5,<4.4,HR|AIRTEL
FALSE,>5,<5,GJ|AIRTEL
FALSE,>5,<5,TN|AIRTEL
TRUE,>10,<5.8,AP|IDEA
FALSE,>10,<5,GJ|
FALSE,>20,<5.6,GJ|VODAFONE
TRUE,>5,<5.6,RJ|AIRTEL
FALSE,>10,<5.8,KA|JIO
FALSE,>5,<5.6,MH|VODAFONE
TRUE,>10,<5.2,MH|VODAFONE
TRUE,>10,<5.6,RJ|AIRTEL
TRUE,>10,<5.2,WB|VODAFONE
FALSE,>10,<4.6,DL|AIRTEL
FALSE,>10,<5,GJ|AIRTEL
TRUE,>10,<5.2,MH|VODAFONE
FALSE,>10,<5.8,KA|JIO
FALSE,>5,<4.6,UK|IDEA
FALSE,>10,<5.6,AS|VODAFONE
FALSE,>10,<5.8,HR|JIO
FALSE,>10,<5.6,MH|JIO
FALSE,>10,<5.6,AS|VODAFONE
FALSE,>10,<5,OD|AIRCEL
FALSE,>5,<4.6,TN|BSNL
FALSE,>10,<5.6,GJ|IDEA
FALSE,>10,<5.2,WB|
FALSE,>5,<4.8,MP|AIRTEL
TRUE,>10,>6,UP|AIRTEL
FALSE,>5,<5,RJ|JIO
TRUE,>10,<5.6,MP|JIO
FALSE,>10,<5.2,MH|JIO
FALSE,>10,<5.6,WB|JIO
TRUE,>5,<5,MH|AIRTEL
FALSE,<5,<4.6,GJ|JIO
TRUE,>10,<5.6,TN|JIO
FALSE,>10,<5.8,MP|VODAFONE
FALSE,>5,<5,UK|AIRTEL
FALSE,>5,<5,MH|IDEA
FALSE,>10,<5.6,WB|JIO
FALSE,>10,<5.2,GJ|JIO
FALSE,>5,<4.6,WB|JIO
FALSE,>10,<5,DL|VODAFONE
FALSE,>5,<4.8,RJ|JIO
FALSE,>10,<5.6,TN|JIO
FALSE,>5,<5,MP|JIO
TRUE,>5,<5.2,MP|JIO
FALSE,>10,<5.6,KA|AIRTEL
FALSE,>20,<5.6,MH|JIO
FALSE,>10,<5,UK|AIRTEL
FALSE,>5,<5,JH|JIO
FALSE,>5,<4.8,RJ|AIRTEL
TRUE,>5,<5.6,RJ|AIRTEL
FALSE,<5,<4.4,DL|IDEA
FALSE,<5,<4,TN|AIRTEL
FALSE,>10,<5.6,AS|JIO
TRUE,>10,<5.6,MH|VODAFONE
TRUE,>10,<4.8,KA|VODAFONE
FALSE,>10,<5.6,UP|VODAFONE
TRUE,>5,<5,MH|JIO
FALSE,>5,<5,MH|DOCOMO
FALSE,>10,<5,GJ|JIO
FALSE,>10,<5.6,CH|AIRTEL
FALSE,>5,>6,UP|JIO
FALSE,>5,<5,GJ|JIO
FALSE,>5,<5,DL|JIO
FALSE,>10,<5.6,HR|JIO
FALSE,>10,<5.2,UP|IDEA
FALSE,>10,<5.6,HR|JIO
FALSE,>10,<5.6,CH|JIO
FALSE,>5,<5,GJ|JIO
FALSE,>10,<5.6,GJ|JIO
FALSE,>10,<5.6,RJ|AIRCEL
FALSE,>20,<5.6,KA|IDEA
TRUE,>20,<6,MH|IDEA
FALSE,>10,<5.6,MH|IDEA
FALSE,>5,<4.8,AP|IDEA
FALSE,>5,<5,KA|JIO
FALSE,>5,<5,TN|CELLONE
TRUE,>20,<5.6,HR|JIO
FALSE,>10,<5.6,WB|AIRTEL
FALSE,>10,<5.2,OD|JIO
TRUE,>5,<5.6,RJ|AIRTEL
FALSE,>20,<5.6,MH|AIRTEL
FALSE,>5,<5,CT|IDEA
TRUE,>5,<5.6,RJ|AIRTEL
FALSE,>5,<5,PB|JIO
TRUE,>10,<5,MH|VODAFONE
FALSE,>20,<5.8,KA|VODAFONE
FALSE,>5,<4.2,TN|AIRTEL
TRUE,>10,<5.6,MH|JIO
TRUE,>10,<5,JH|JIO
TRUE,>5,<5,UK|AIRTEL
TRUE,>10,<5.6,MH|AIRTEL
TRUE,>5,<4.6,OD|JIO
FALSE,>10,<5.6,WB|AIRTEL
FALSE,>5,<5,HR|VODAFONE
FALSE,>10,<5.6,PB|AIRTEL
FALSE,>10,<5.6,KA|AIRTEL
FALSE,>10,<5.6,MH|VODAFONE
FALSE,>10,<5.8,KA|JIO
FALSE,>5,<4.8,RJ|JIO
FALSE,<5,<4.4,TN|JIO
FALSE,>10,<5.2,HR|VODAFONE
FALSE,>10,<5,CH|IDEA
FALSE,>10,<5.6,MH|JIO
FALSE,>5,<5,MP|JIO
FALSE,>10,<5,GJ|VODAFONE
FALSE,>10,<5.8,RJ|IDEA
FALSE,>5,<5,RJ|JIO
FALSE,>5,<5,TN|AIRCEL
FALSE,>5,<5.2,DL|JIO
TRUE,>20,<5.6,AP|AIRTEL
TRUE,>20,<6,CT|JIO
FALSE,>10,<5.6,TN|VODAFONE
TRUE,>10,<5.8,WB|
FALSE,>10,<5.6,MP|IDEA
TRUE,>20,<5.6,HR|JIO
FALSE,>5,<5,HR|VODAFONE
FALSE,>5,<5,WB|VODAFONE
FALSE,>10,<5.6,MH|JIO
TRUE,>10,<5.2,DL|AIRTEL
TRUE,>10,<5.2,RJ|VODAFONE
FALSE,>10,<5.6,BR|IDEA
FALSE,>10,<5.6,UP|AIRTEL
FALSE,>5,<4.8,KA|JIO
FALSE,>10,<5.6,GJ|BSNL
FALSE,>10,<5.6,JH|AIRTEL
TRUE,>10,<5.8,AP|IDEA
TRUE,>5,<5,UP|AIRTEL
TRUE,>10,<5.2,MH|VODAFONE
FALSE,<5,<4.6,DL|AIRTEL
FALSE,>10,<5.2,HR|VODAFONE
TRUE,>10,<5,GJ|AIRTEL
TRUE,>10,<5.2,UP|AIRTEL
TRUE,>5,>6,GJ|JIO
FALSE,>5,<5,MH|JIO
FALSE,>5,<4,TN|CELLONE
FALSE,>10,<5,TN|IDEA
FALSE,>5,<5,DL|JIO
FALSE,>10,<5.8,UP|AIRTEL
FALSE,>5,<4.6,UK|IDEA
FALSE,>5,<5,KA|JIO
TRUE,>5,<5,DL|AIRTEL
FALSE,>5,<5,DL|VODAFONE
FALSE,>10,<5.6,DL|JIO
FALSE,>5,<5,MH|VODAFONE
FALSE,>10,<5.6,DL|IDEA
FALSE,>5,<5,DL|AIRTEL
FALSE,>10,<5.6,MP|JIO
FALSE,>10,<5.2,MP|IDEA
FALSE,>5,<5,PB|VODAFONE
FALSE,>5,<5,MH|JIO
FALSE,>10,<5.6,GJ|VODAFONE
TRUE,>5,<5.6,RJ|AIRTEL
FALSE,>20,<5.2,TN|JIO
TRUE,>10,<5.8,DL|JIO
FALSE,>10,<5.6,MP|IDEA
FALSE,>5,<4.8,MH|VODAFONE
TRUE,>30,<5.6,MH|AIRTEL
FALSE,>5,<5,RJ|IDEA
TRUE,>10,<5.2,RJ|AIRTEL
FALSE,>10,<5.6,MH|IDEA
FALSE,>5,<4.2,HR|JIO
TRUE,>5,<4.4,MH|BSNL
FALSE,>10,<5.6,TN|AIRTEL
FALSE,>5,<4.6,WB|VODAFONE
FALSE,>10,<5,JH|JIO
FALSE,>5,<5,DL|VODAFONE
FALSE,>10,<5.6,TN|JIO
FALSE,>10,<5.2,UP|IDEA
FALSE,>5,<5,WB|CELLONE
FALSE,>5,<4.4,HR|IDEA
TRUE,<5,<4.4,DL|AIRTEL
FALSE,>5,<5,HR|JIO
FALSE,>5,<5,DL|JIO
TRUE,>5,<5.6,RJ|AIRTEL
FALSE,>10,<5.2,DL|AIRTEL
FALSE,>5,<5,GJ|IDEA
FALSE,>10,<5.8,MP|IDEA
FALSE,>10,<5.6,RJ|JIO
FALSE,>20,<4.4,UP|VODAFONE
FALSE,>5,<4.8,PB|JIO
TRUE,>10,<5.2,RJ|AIRTEL
FALSE,>10,<5.6,OD|JIO
FALSE,>10,<5.8,WB|AIRCEL
FALSE,>5,<4.8,MH|JIO
FALSE,>10,<5,MP|IDEA
FALSE,>10,<5.2,KL|
FALSE,>10,<5.6,GJ|VODAFONE
FALSE,>10,<5.8,GJ|IDEA
FALSE,>10,<5.6,TN|JIO
FALSE,>5,<5,GJ|JIO
FALSE,<5,<4.6,GJ|JIO
FALSE,>5,<4.8,MH|IDEA
TRUE,<5,<5,WB|
FALSE,>5,<4.4,GJ|JIO
FALSE,>10,<5.6,PB|JIO
TRUE,>10,<5.2,RJ|AIRTEL
TRUE,>10,<5.2,RJ|AIRTEL
FALSE,>5,<4.8,WB|JIO
TRUE,>10,<5.2,RJ|AIRTEL
TRUE,>10,<5.2,RJ|AIRTEL
FALSE,>10,<5.6,WB|AIRTEL
TRUE,>10,<5.6,HR|JIO
FALSE,>10,<5.6,TN|JIO
FALSE,>10,<5.6,HP|JIO
FALSE,>10,<5,HR|JIO
FALSE,>10,<4.6,MH|IDEA
FALSE,>10,<5.8,DL|VODAFONE
FALSE,>20,<5.6,GJ|IDEA
FALSE,>5,<5,UP|IDEA
TRUE,>5,<5.6,DL|JIO
FALSE,>10,<5.6,MH|
FALSE,>5,<4.4,RJ|AIRTEL
FALSE,>10,<5.6,MH|IDEA
FALSE,>10,<5.2,DL|JIO
FALSE,>10,<5,DL|AIRTEL
TRUE,>10,<5.2,WB|JIO
FALSE,>5,<5,MH|IDEA
FALSE,>20,<5,MH|AIRTEL
FALSE,>10,<5.6,WB|VODAFONE
FALSE,>10,<5,HR|VODAFONE
FALSE,>10,<5,TN|VODAFONE
FALSE,>10,<5.6,GJ|AIRTEL
TRUE,>10,<4.6,RJ|AIRCEL
FALSE,>10,<5.6,GJ|AIRTEL
FALSE,>10,<5.6,DL|AIRTEL
FALSE,>5,<4.8,DL|VODAFONE
FALSE,>5,<4.8,DL|VODAFONE
TRUE,>10,<5.8,TN|JIO
FALSE,>10,<5.6,MH|JIO
FALSE,>20,<5.6,MH|VODAFONE
FALSE,>5,<5,DL|IDEA
FALSE,>10,<5.6,AS|JIO
FALSE,>10,<5,GJ|JIO
TRUE,>5,<5,RJ|VODAFONE
TRUE,>10,<5,AP|AIRTEL
FALSE,>5,<5,TN|IDEA
FALSE,>10,<5.6,MP|JIO
FALSE,>10,<5.2,HR|JIO
FALSE,>20,<6,TN|JIO
FALSE,>10,<5.2,KA|AIRTEL
FALSE,>5,<4.8,GJ|JIO
FALSE,>5,<4.8,TN|JIO
TRUE,>5,<4.4,GJ|DOCOMO
FALSE,>5,<4.8,TN|CELLONE
FALSE,>10,<5.2,KA|AIRTEL
FALSE,>10,<5,DL|JIO
FALSE,>5,<5,BR|JIO
FALSE,>10,<5.6,GJ|JIO
FALSE,>5,<4.4,TN|JIO
FALSE,>5,<5,GJ|IDEA
FALSE,>10,<5.6,KA|AIRTEL
FALSE,>10,<5.8,KL|AIRTEL
FALSE,>5,<5,RJ|JIO
FALSE,>5,<5.2,MP|JIO
FALSE,>5,<5.6,DL|JIO
TRUE,>5,<5,RJ|VODAFONE
FALSE,>10,<5.2,DL|AIRTEL
FALSE,>10,<5.2,DL|JIO
FALSE,>5,<4.6,TN|JIO
FALSE,>10,<5.6,MH|AIRTEL
FALSE,>10,<5.6,GJ|VODAFONE
FALSE,>10,<5.6,HR|IDEA
FALSE,>5,>6,MH|IDEA
FALSE,>5,<5,OD|JIO
FALSE,<5,<4.4,AP|BSNL
FALSE,<5,<5,KA|VODAFONE
FALSE,>5,<5,DL|AIRTEL
FALSE,>5,<5,HR|JIO
FALSE,>5,<5.6,GJ|IDEA
FALSE,>10,<4.8,TN|AIRTEL
FALSE,>10,<5.6,RJ|JIO
FALSE,>10,<5,DL|JIO
FALSE,>10,<5,MP|JIO
FALSE,>5,<5,TN|JIO
FALSE,>5,<4.8,WB|JIO
FALSE,>10,<5.6,DL|JIO
FALSE,>5,<4.8,WB|AIRTEL
FALSE,>5,<5,RJ|AIRTEL
FALSE,>10,<5.8,CH|AIRTEL
FALSE,>10,<5.6,MH|AIRTEL
FALSE,>10,<5.6,RJ|AIRTEL
FALSE,>30,<5.6,WB|AIRTEL
FALSE,>10,<5.6,MH|VODAFONE
FALSE,>10,<5.2,DL|AIRTEL
FALSE,>10,<5.6,MH|AIRTEL
FALSE,>5,<4.6,TN|JIO
FALSE,>10,<5.6,DL|JIO
FALSE,>10,<5.6,DL|AIRTEL
FALSE,>10,<5.2,MH|AIRTEL
FALSE,>10,<5.6,MH|VODAFONE
FALSE,>20,<5.6,RJ|JIO
FALSE,>5,<4.8,TN|AIRTEL
FALSE,>10,<5.6,GJ|VODAFONE
TRUE,>10,<5.2,RJ|AIRTEL
FALSE,>10,<5.2,JH|JIO
FALSE,>5,<5,MH|AIRTEL
FALSE,>5,>6,HR|AIRTEL
FALSE,>5,<5.6,KA|AIRTEL
FALSE,>10,<5.6,HR|JIO
FALSE,>10,<5.6,WB|JIO
FALSE,>5,<4.6,KA|AIRTEL
FALSE,>10,<5.8,TN|AIRTEL
FALSE,>5,>6,UP|JIO
FALSE,<5,<5,TN|VODAFONE
FALSE,>10,<5.2,MH|JIO
FALSE,>20,<5.2,MH|VODAFONE
TRUE,>10,<5.2,DL|AIRTEL
TRUE,>10,<5.6,RJ|JIO
FALSE,>5,<5,HR|DOCOMO
TRUE,>20,<5.6,RJ|AIRTEL
FALSE,>10,<5.6,HR|VODAFONE
TRUE,>5,<5,RJ|VODAFONE
FALSE,>5,<5,GJ|VODAFONE
TRUE,>10,<5.2,RJ|AIRTEL
FALSE,>20,<5.2,DL|
FALSE,>5,<5,BR|AIRTEL
FALSE,>5,<5.6,MH|JIO
TRUE,>10,<5.2,DL|AIRTEL
FALSE,>10,<5.6,UK|JIO
FALSE,>5,<5,DL|AIRTEL
FALSE,>10,<5,TN|JIO
FALSE,<5,<4.4,TN|JIO
FALSE,>5,<5,MP|
FALSE,>10,<5.6,GJ|JIO
TRUE,>5,<4.8,GJ|AIRTEL
FALSE,>5,<5.2,TN|AIRCEL
FALSE,>10,<5.6,MH|AIRTEL
FALSE,>20,<5.2,KA|AIRTEL
FALSE,>5,<4.8,MH|JIO
FALSE,>5,<5.6,GJ|AIRTEL
FALSE,>10,<5.6,GJ|VODAFONE
FALSE,>10,<5,MH|IDEA
FALSE,>5,<4.8,TN|JIO
FALSE,>10,<5,AS|AIRTEL
FALSE,>20,<6,TN|AIRTEL
FALSE,>40,<5.8,MH|AIRTEL
FALSE,>10,<4.6,MH|AIRTEL
FALSE,>10,<5.2,MH|IDEA
FALSE,>10,<5.2,KA|AIRTEL
FALSE,>20,<5.6,MH|JIO
FALSE,>10,<5,GJ|JIO
FALSE,>10,<5.6,KA|JIO
FALSE,>10,<5.2,OD|VODAFONE
FALSE,>10,<5.6,UK|IDEA
FALSE,>10,<5.6,CT|VODAFONE
FALSE,>10,>6,TN|AIRTEL
FALSE,>5,<4.2,TN|JIO
FALSE,>10,<5.8,TN|JIO
FALSE,>5,<4.4,GJ|JIO
FALSE,>5,<4,MH|VODAFONE
FALSE,>5,<5.6,GJ|VODAFONE
FALSE,>5,<4.8,TN|JIO
TRUE,>5,<5,PB|JIO
FALSE,>5,<4.4,MH|AIRTEL
FALSE,>5,<5,WB|JIO
FALSE,>5,<5,GJ|AIRTEL
TRUE,>5,<5,MH|
FALSE,>10,<5.2,MH|VODAFONE
FALSE,>5,<4.2,TN|AIRCEL
FALSE,>5,<5.6,GJ|AIRTEL
FALSE,>5,<4.8,TN|AIRTEL
FALSE,>5,<5,MP|IDEA
FALSE,>5,<5,TN|JIO
FALSE,>10,<5.6,RJ|JIO
FALSE,>10,<5,KA|IDEA
FALSE,>20,<6,TN|AIRTEL
FALSE,>10,<5.6,GJ|DOCOMO
TRUE,>10,<5.8,AP|VODAFONE
FALSE,>10,<5.2,HR|AIRTEL
FALSE,>5,<5,TN|VODAFONE
FALSE,>10,<5.6,PB|DOCOMO
FALSE,>10,<5.6,MH|JIO
TRUE,<5,<4,GJ|IDEA
FALSE,>5,<5,UP|IDEA
FALSE,>5,<4.8,MH|JIO
FALSE,>10,<5,AS|VODAFONE
FALSE,>5,<4.2,MH|VODAFONE
FALSE,>5,<5,HR|JIO
FALSE,>10,<5.2,TN|VODAFONE
FALSE,>10,<5.6,PB|JIO
FALSE,>5,<4.4,MH|AIRTEL
FALSE,>20,<5.2,MH|AIRTEL
FALSE,>10,<4.8,MH|JIO
FALSE,>5,<5,TN|JIO
FALSE,>5,<5,UP|AIRTEL
FALSE,>10,<5,GJ|JIO
FALSE,>5,>6,GJ|JIO
FALSE,>5,<5,UK|JIO
FALSE,>5,<5,WB|AIRTEL
FALSE,>5,<4.4,UP|IDEA
FALSE,>20,<5.8,DL|IDEA
FALSE,>10,<5.6,MH|
FALSE,>5,<5,RJ|IDEA
FALSE,>5,<4.8,UP|JIO
FALSE,>10,<5.2,GJ|VODAFONE
FALSE,>10,<5.6,DL|IDEA
FALSE,>10,<5.2,TN|JIO
FALSE,>5,<4.4,GJ|IDEA
FALSE,>10,<5.6,GJ|VODAFONE
FALSE,>5,<4.8,MH|AIRTEL
FALSE,>5,<5,HP|IDEA
FALSE,>5,<4.8,HR|JIO
FALSE,>10,<5,GJ|VODAFONE
FALSE,>5,<5.6,DL|JIO
FALSE,>10,<5.2,MH|AIRTEL
FALSE,>5,<5,TN|JIO
FALSE,>10,<5.6,MH|JIO
FALSE,<5,<4.4,TN|JIO
FALSE,>5,<4.4,AS|IDEA
FALSE,>10,<4.6,OD|
FALSE,>10,<5.2,UP|VODAFONE
FALSE,>5,<4.6,KA|CELLONE
FALSE,>10,<5.6,MH|IDEA
FALSE,>5,<5,MH|JIO
FALSE,>10,<5.6,MH|IDEA
FALSE,>5,<4.8,MH|VODAFONE
FALSE,>10,<5.6,KA|AIRTEL
FALSE,>10,<5.8,GJ|BSNL
FALSE,>10,<4.8,RJ|AIRTEL
FALSE,>10,<5.8,TN|CELLONE
FALSE,>10,<5,UK|AIRTEL
FALSE,>10,<5.6,DL|JIO
FALSE,>5,<4.8,TN|AIRTEL
FALSE,>10,<5.6,MH|AIRTEL
FALSE,>5,<4.4,HR|JIO
FALSE,>10,<5.6,TN|JIO
FALSE,>20,<5.2,MH|AIRTEL
TRUE,>10,<5.2,RJ|AIRTEL
FALSE,>5,<5,MH|JIO
FALSE,>10,<5,KL|IDEA
FALSE,>10,<4.8,TN|AIRTEL
FALSE,>10,<5.6,KA|JIO
FALSE,>10,<4.6,RJ|JIO
FALSE,>5,<4.6,MH|AIRTEL
FALSE,>5,<5,KA|DOCOMO
FALSE,>10,<5.6,GJ|JIO
FALSE,>10,<5.6,GJ|VODAFONE
FALSE,>5,<4.6,AP|JIO
FALSE,<5,<4.6,BR|JIO
FALSE,>10,<5.6,DL|JIO
FALSE,>5,<5,GJ|VODAFONE
FALSE,>20,<5.8,GJ|VODAFONE
FALSE,>5,<4.6,MH|IDEA
FALSE,>5,<5,MP|JIO
FALSE,>10,<5.6,WB|VODAFONE
FALSE,>10,<5.6,GJ|JIO
FALSE,>10,<5.6,GJ|AIRTEL
FALSE,>5,<5,TN|JIO
FALSE,>10,<5.2,GJ|AIRTEL
FALSE,>10,<5,MH|JIO
FALSE,>5,<5,KL|AIRTEL
FALSE,>10,<5.8,GJ|AIRTEL
FALSE,>10,<5,DL|AIRTEL
FALSE,>20,<5.6,RJ|AIRTEL
FALSE,>5,<6,MH|JIO
FALSE,>10,<5.6,TN|JIO
FALSE,>5,<5,DL|AIRTEL
FALSE,>5,<5,TN|AIRCEL
FALSE,>10,<5,GJ|VODAFONE
FALSE,>10,<5.6,MH|AIRTEL
FALSE,>5,<5,GJ|JIO
FALSE,>10,<5.6,DL|IDEA
FALSE,>5,<4.8,MH|JIO
FALSE,>20,<6,MH|AIRTEL
FALSE,>10,<5.6,MH|IDEA
FALSE,>10,<5.6,MH|AIRTEL
FALSE,>10,<5.6,WB|IDEA
FALSE,>5,<4.6,GJ|VODAFONE
FALSE,>10,<5.2,UP|IDEA
FALSE,>10,<5.6,RJ|IDEA
FALSE,>10,<5,WB|AIRTEL
FALSE,>5,<5,MH|IDEA
FALSE,>10,<5.6,PB|JIO
FALSE,>10,<5.6,PB|AIRTEL
FALSE,>5,<5,WB|VODAFONE
FALSE,>5,<5,RJ|VODAFONE
FALSE,>5,<4.6,PB|JIO
FALSE,>5,<5,MP|VODAFONE
FALSE,>5,<4.4,MH|AIRTEL
FALSE,>10,<5.6,MH|AIRTEL
FALSE,>5,<5,WB|JIO
FALSE,>10,<5.6,PY|JIO
FALSE,>5,<5,RJ|JIO
FALSE,>10,<5.6,TN|VODAFONE
FALSE,>5,<4.4,TN|VODAFONE
FALSE,>5,<4.8,UK|AIRTEL
FALSE,>10,<5,TN|JIO
FALSE,>5,<5,DL|AIRTEL
FALSE,>5,<4.8,MH|JIO
FALSE,>5,<4.8,WB|JIO
FALSE,>5,>6,GJ|AIRTEL
FALSE,>10,<4.8,GJ|IDEA
FALSE,>5,<4.6,JH|AIRTEL
FALSE,>10,<5.6,MH|VODAFONE
FALSE,>10,<5,MH|AIRTEL
FALSE,>10,<5,TN|VODAFONE
FALSE,>20,<5.6,GJ|VODAFONE
FALSE,>5,<4.4,MH|JIO
FALSE,>10,<5.6,GJ|JIO
FALSE,>10,<5.6,RJ|JIO
FALSE,>10,<5.8,DL|AIRTEL
FALSE,>10,<5.6,GJ|VODAFONE
FALSE,>10,<5.6,KA|JIO
FALSE,>10,<5,TN|AIRTEL
FALSE,>10,<5.2,MH|IDEA
FALSE,>5,>6,TN|JIO
FALSE,>5,<5.2,GJ|JIO
FALSE,>10,<5,DL|
FALSE,>5,<4.8,TN|JIO
FALSE,>5,<4.8,TN|AIRTEL
FALSE,<5,<4.6,KA|AIRTEL
FALSE,>10,<5.6,KA|JIO
FALSE,>5,<4.8,KA|AIRTEL
FALSE,>5,<4.2,GJ|IDEA
FALSE,>10,<5.8,DL|AIRTEL
FALSE,>10,<5.8,CH|AIRTEL
FALSE,>10,<5,WB|
FALSE,>10,<5.6,GJ|AIRTEL
FALSE,>5,<4.6,GJ|VODAFONE
FALSE,>5,<5,TN|AIRTEL
FALSE,>5,<4.8,UP|AIRTEL
FALSE,>10,<5,MH|JIO
TRUE,>5,<5,RJ|VODAFONE
FALSE,>10,<5.8,HR|JIO
FALSE,>10,<5.2,MH|JIO
FALSE,>5,<5,DL|JIO
FALSE,<5,<4.4,MH|BSNL
TRUE,>10,<5.6,AP|JIO
FALSE,<5,<4.4,TN|VODAFONE
FALSE,>10,<5.6,RJ|IDEA
FALSE,>5,<5,MH|IDEA
FALSE,<5,<4.2,TN|JIO
FALSE,>10,<5.6,KA|AIRTEL
FALSE,>10,<5.6,WB|JIO
FALSE,>5,<4.2,BR|AIRTEL
FALSE,>10,<5.6,WB|JIO
FALSE,>5,<4.4,RJ|JIO
FALSE,<5,<4.4,DL|JIO
FALSE,<5,<4.4,DL|VODAFONE
FALSE,>10,<5.2,HP|AIRTEL
FALSE,>5,<4.8,TN|VODAFONE
FALSE,>10,<5.6,MH|JIO
FALSE,>5,<4.6,HR|JIO
FALSE,>5,<5.6,RJ|JIO
FALSE,>10,<5.2,MH|AIRTEL
FALSE,>10,<5.6,UP|AIRTEL
FALSE,>5,<4.8,TN|JIO
FALSE,>5,<5,MH|VODAFONE
FALSE,>5,<4.8,AP|JIO
FALSE,>10,<5.8,MH|IDEA
FALSE,>10,<5,MH|IDEA
FALSE,>10,<5,AP|JIO
FALSE,>10,<5,RJ|AIRTEL
FALSE,>5,<4,MH|IDEA
FALSE,>5,<4.8,MH|JIO
FALSE,>5,<4.8,TN|JIO
FALSE,>10,<5.6,MP|DOCOMO
FALSE,>10,<5.6,MP|JIO
FALSE,>5,<4.6,MH|JIO
FALSE,>10,<5.6,MH|VODAFONE
FALSE,<5,<4.2,MH|AIRTEL
FALSE,>10,<5,MH|AIRTEL
FALSE,>5,<4.8,GJ|VODAFONE
TRUE,>10,<5.6,RJ|AIRTEL
FALSE,>20,<5.6,HR|AIRTEL
FALSE,>10,<5,MH|JIO
TRUE,>10,<5.6,WB|CELLONE
FALSE,>5,>6,HR|JIO
FALSE,>10,<5.6,MH|IDEA
FALSE,>10,<5.2,BR|VODAFONE
FALSE,>5,<5,UP|JIO
FALSE,>20,<5.6,KA|AIRTEL
FALSE,>5,<5,DL|AIRTEL
FALSE,>10,<5.2,UK|JIO
FALSE,>5,<4.8,TN|JIO
FALSE,>5,<5,MH|IDEA
TRUE,<5,<4.4,WB|VODAFONE
FALSE,>10,<5.2,AS|JIO
FALSE,>10,<5.8,BR|AIRTEL
FALSE,>10,<5.2,TN|JIO
FALSE,>10,<5.6,DL|IDEA
FALSE,>5,>6,KA|AIRTEL
FALSE,>10,<5.8,DL|AIRCEL
FALSE,>20,<5.2,KA|AIRTEL
FALSE,>10,<5,UP|IDEA
FALSE,>10,<5.6,RJ|VODAFONE
FALSE,>5,<5,HR|JIO
FALSE,>5,<5.6,MH|IDEA
FALSE,>10,<5,RJ|VODAFONE
FALSE,>20,<5.6,DL|AIRTEL
FALSE,>5,<5,PB|AIRTEL
TRUE,>5,<5,TN|IDEA
FALSE,>5,<4.4,MH|IDEA
FALSE,>10,<5.6,RJ|JIO
FALSE,>5,<5.2,TN|AIRTEL
FALSE,>10,<5.6,MH|VODAFONE
TRUE,>10,<5.6,WB|VODAFONE
FALSE,>10,<5,WB|JIO
FALSE,>5,<4.8,UP|AIRTEL
FALSE,>5,<5,UK|JIO
FALSE,>5,<5,UK|JIO
FALSE,>10,<5,UP|AIRTEL
TRUE,>10,<5.2,RJ|AIRTEL
FALSE,>10,<5.6,GJ|IDEA
TRUE,>5,<5.6,RJ|AIRTEL
FALSE,>10,<5.6,TN|IDEA
FALSE,>5,<5,UK|JIO
FALSE,>10,<5.6,UP|VODAFONE
FALSE,>5,<4.8,UK|IDEA
FALSE,>5,<5,HR|JIO
FALSE,>5,<4.2,MH|JIO
FALSE,>10,<5.6,GJ|AIRTEL
FALSE,>5,<5.6,KA|IDEA
FALSE,>5,<5,PB|JIO
FALSE,>10,<5.6,MH|AIRTEL
FALSE,>10,<5.2,GJ|AIRTEL
FALSE,>10,<5.2,UP|JIO
FALSE,>20,<5.6,MH|JIO
FALSE,>10,<5.6,KA|DOCOMO
FALSE,>10,<5,AP|JIO
FALSE,>5,<5.6,MH|IDEA
TRUE,>5,<5,UK|JIO
FALSE,>10,<5,MH|IDEA
FALSE,>5,<5,MH|AIRTEL
FALSE,>5,<4.8,DL|JIO
FALSE,>10,<5.2,MH|IDEA
FALSE,>10,<5.6,RJ|JIO
FALSE,>10,<5.6,MH|IDEA
FALSE,>5,>6,TN|JIO
FALSE,>5,<5,DL|AIRTEL
FALSE,>5,<4.8,MH|JIO
FALSE,>10,<5.8,DL|AIRTEL
FALSE,>5,<5,MH|AIRTEL
FALSE,>5,<4.8,TN|JIO
TRUE,>10,<5.6,BR|AIRTEL
FALSE,>5,<4.6,HR|VODAFONE
FALSE,>10,<5,WB|AIRTEL
FALSE,>5,<4.2,MH|JIO
FALSE,>5,<5,UK|AIRTEL
FALSE,>5,<4.4,AP|VODAFONE
FALSE,>10,<5.2,TN|AIRTEL
FALSE,>5,<4.2,GJ|JIO
FALSE,>10,<4.6,KL|CELLONE
FALSE,>10,<5.8,WB|JIO
FALSE,>5,<5,MH|AIRCEL
FALSE,>5,<5,DL|VODAFONE
FALSE,>5,<4.6,GJ|DOCOMO
FALSE,>5,<5,GJ|IDEA
FALSE,>10,<5.6,TN|JIO
FALSE,>10,<5.8,UP|JIO
FALSE,>10,<5.6,MH|JIO
FALSE,<5,<5.2,WB|
FALSE,>10,<5.2,MH|JIO
FALSE,>10,<5.8,DL|JIO
FALSE,>5,<4.6,DL|AIRTEL
FALSE,>5,<5,TN|JIO
FALSE,>10,<5.2,MP|JIO
FALSE,>10,<5.2,MH|VODAFONE
FALSE,>5,<5,PB|IDEA
FALSE,>10,<5.2,MH|JIO
FALSE,>10,<5.2,DL|VODAFONE
FALSE,<5,<4.4,DL|AIRTEL
FALSE,>10,<5.2,MH|VODAFONE
FALSE,>10,<5.6,MH|VODAFONE
FALSE,>10,<5.8,MH|VODAFONE
FALSE,>10,<5.8,HR|AIRTEL
FALSE,>10,<5,MH|JIO
FALSE,>5,<4.8,GJ|JIO
TRUE,>10,<5,RJ|AIRCEL
FALSE,>10,<5.6,HR|JIO
FALSE,>5,<5,BR|AIRTEL
FALSE,>10,<5.6,PB|JIO
FALSE,>10,<5.6,MH|JIO
FALSE,>20,<5,GJ|IDEA
FALSE,>10,<5.6,MH|VODAFONE
FALSE,>5,<4.8,MH|JIO
FALSE,>10,<5,WB|JIO
FALSE,>10,<5.6,WB|JIO
FALSE,>5,<5,HR|IDEA
FALSE,>10,<5,TN|JIO
FALSE,>10,<5.6,TN|JIO
FALSE,<5,<5,DL|AIRTEL
FALSE,>10,<5,DL|AIRTEL
FALSE,>10,<5.6,MH|IDEA
FALSE,>5,<4.8,PB|VODAFONE
FALSE,>10,<5.6,MH|VODAFONE
FALSE,>20,<5.6,TN|JIO
TRUE,>10,<5.8,AP|AIRTEL
FALSE,>10,<5.6,WB|AIRTEL
FALSE,<5,<4.6,TN|AIRCEL
FALSE,>5,<4.4,TN|VODAFONE
FALSE,>20,<5.8,KA|AIRTEL
FALSE,>5,<5,GJ|JIO
FALSE,>20,<5.2,WB|JIO
FALSE,>5,<5,GJ|AIRTEL
FALSE,<5,<4.6,DL|JIO
FALSE,>5,<5,RJ|JIO
FALSE,>10,<5.6,KA|CELLONE
FALSE,>5,<4.8,GJ|CELLONE
FALSE,<5,<5.2,MH|JIO
TRUE,>5,<5,TN|JIO
FALSE,>10,<5.8,WB|JIO
FALSE,>5,<5,TN|AIRTEL
FALSE,>10,<5,RJ|AIRTEL
FALSE,>10,<5.6,MH|IDEA
FALSE,>5,<5,DL|JIO
FALSE,>5,<5,CT|JIO
FALSE,>5,<5,GJ|IDEA
FALSE,>10,<5,DL|JIO
FALSE,>5,<4.8,WB|JIO
FALSE,>5,<5.6,DL|AIRTEL
FALSE,>10,<5.6,MH|BSNL
FALSE,>10,<5.2,WB|VODAFONE
FALSE,>20,<5.6,MH|AIRTEL
FALSE,>5,<5,OD|JIO
FALSE,>10,<5.2,UP|JIO
TRUE,>10,<5.2,RJ|AIRTEL
FALSE,>10,<5.2,DL|JIO
FALSE,>5,<5,JH|IDEA
FALSE,>5,<4.4,TN|VODAFONE
FALSE,>10,<5,MH|AIRTEL
FALSE,>5,<4,HR|JIO
TRUE,>5,<4.6,MP|JIO
FALSE,>5,<4.6,DL|VODAFONE
FALSE,>10,<5.6,MH|VODAFONE
FALSE,>10,<5.6,MH|VODAFONE
FALSE,>10,<5.6,MP|JIO
FALSE,>5,<5,JH|JIO
FALSE,>20,<6,PB|AIRTEL
FALSE,>10,<5.6,DL|IDEA
FALSE,>10,<5.8,PB|JIO
FALSE,>5,<4.6,KA|IDEA
FALSE,>5,<4.8,MP|BSNL
FALSE,>5,<5,GJ|AIRTEL
FALSE,>5,<4.8,AP|JIO
FALSE,>10,<5.6,DL|AIRTEL
FALSE,>5,<4.8,DL|AIRTEL
FALSE,>10,<5.2,UP|JIO
FALSE,>10,<5.6,DL|JIO
FALSE,>5,<4.6,KA|AIRTEL
FALSE,>5,<5.2,MP|DOCOMO
FALSE,>5,<5,RJ|VODAFONE
FALSE,>10,<5,HP|VODAFONE
FALSE,<5,<4.6,WB|AIRTEL
FALSE,>5,<5,MP|JIO
FALSE,>10,<5,MP|VODAFONE
FALSE,>5,<5,AS|BSNL
FALSE,>10,<5.6,KL|CELLONE
FALSE,>10,<5.6,TN|JIO
FALSE,>10,<5.8,RJ|VODAFONE
FALSE,>5,<4.8,KA|AIRTEL
FALSE,>10,<5.6,GJ|JIO
FALSE,>10,<5.6,BR|AIRTEL
FALSE,>5,<5,MH|JIO
FALSE,>10,<5.6,MH|JIO
FALSE,>20,<5,TN|AIRTEL
TRUE,>5,<5,MP|JIO
FALSE,>10,<5,WB|AIRTEL
FALSE,>5,<4.6,DL|VODAFONE
FALSE,>5,<5.6,DL|IDEA
FALSE,>5,<5,UK|JIO
FALSE,>5,>6,TN|AIRTEL
FALSE,>5,<4.6,DL|AIRTEL
FALSE,>5,<5,GJ|VODAFONE
FALSE,>5,<5,UP|VODAFONE
FALSE,>5,<5,MH|VODAFONE
FALSE,>10,<5,PB|BSNL
FALSE,>20,<5.2,RJ|JIO
FALSE,>5,<4.8,WB|JIO
FALSE,>5,<5,AP|AIRTEL
FALSE,>5,<4.8,DL|JIO
TRUE,>5,<5,GJ|AIRTEL
FALSE,>10,<5.6,DL|JIO
FALSE,>5,<5,WB|JIO
FALSE,>5,<4.6,HR|VODAFONE
FALSE,>5,>6,KL|VODAFONE
FALSE,>5,<5,HR|JIO
FALSE,>10,<5.2,DL|AIRTEL
FALSE,>10,<5,GJ|JIO
FALSE,>5,<4.4,TN|AIRCEL
TRUE,<5,<5,AP|JIO
FALSE,>10,<5.2,CH|AIRTEL
FALSE,>5,<5,TN|JIO
FALSE,>10,<5.6,HR|JIO
FALSE,>10,<5.6,MH|VODAFONE
FALSE,>5,<4.6,UK|AIRTEL
FALSE,>5,<4.6,HR|JIO
TRUE,>20,<5.6,RJ|AIRTEL
FALSE,>10,<4.4,HR|VODAFONE
FALSE,>10,<4.6,MH|VODAFONE
TRUE,>10,<5.2,WB|AIRTEL
FALSE,>5,<5,HR|IDEA
FALSE,>5,<5,MH|JIO
FALSE,>10,<5.6,GJ|VODAFONE
FALSE,>5,<4.6,UK|IDEA
FALSE,>10,<5.8,MH|AIRTEL
FALSE,>10,<5,MH|JIO
FALSE,>20,<5.6,GJ|JIO
FALSE,>10,<5,MH|JIO
FALSE,<5,<5.2,KA|JIO
FALSE,>10,<5.6,MH|JIO
FALSE,>10,<5.6,MH|IDEA
TRUE,>10,<5.2,RJ|AIRTEL
FALSE,>5,<4.6,UK|IDEA
FALSE,>10,<5.8,WB|JIO
FALSE,>10,<5,HR|AIRTEL
FALSE,>10,>6,UP|CELLONE
FALSE,>10,<5.8,PB|AIRTEL
FALSE,>10,<5.2,DL|AIRTEL
FALSE,>10,<5.6,UP|IDEA
FALSE,>5,<4.6,DL|AIRTEL
FALSE,>5,<5,GJ|JIO
FALSE,>5,<4.8,KA|
FALSE,>5,<5,AP|JIO
FALSE,>10,<5.6,UP|JIO
FALSE,>10,<5.8,KA|JIO
FALSE,>5,<5,TN|JIO
FALSE,>10,<5.6,MH|VODAFONE
TRUE,>10,<5,TN|VODAFONE
FALSE,>20,<5.6,UP|IDEA
FALSE,>10,<5.2,GJ|IDEA
FALSE,>5,<5,RJ|AIRTEL
FALSE,<5,<4.4,KA|CELLONE
FALSE,>5,<5.6,MH|IDEA
FALSE,>5,<4.8,DL|JIO
FALSE,>5,<4.4,DL|JIO
TRUE,>10,<5.2,RJ|AIRTEL
FALSE,>10,<5,MP|IDEA
FALSE,>5,<4.6,GJ|AIRTEL
FALSE,>10,<5,GJ|
FALSE,>5,<4.8,HR|VODAFONE
FALSE,>10,<5.2,TN|JIO
TRUE,>5,<5,RJ|VODAFONE
FALSE,>5,<4.8,KA|VODAFONE
FALSE,>10,<5.6,HR|JIO
FALSE,>20,<4.6,AP|AIRTEL
FALSE,>5,<5,MH|JIO
FALSE,>10,<5,GJ|VODAFONE
FALSE,>10,<5.6,HR|IDEA
FALSE,>10,<5.6,DL|AIRCEL
FALSE,>5,<5,GJ|IDEA
FALSE,>5,<5.6,WB|IDEA
FALSE,>10,<5,MH|AIRTEL
FALSE,>10,<5.2,RJ|VODAFONE
FALSE,>5,<4.8,MH|JIO
FALSE,<5,<4.4,DL|AIRTEL
FALSE,>5,<4.6,WB|JIO
FALSE,>5,<4.8,WB|JIO
FALSE,>5,>6,TN|JIO
FALSE,>10,<5.8,RJ|JIO
FALSE,>10,<5.6,BR|AIRTEL
FALSE,>5,<5.6,DL|JIO
FALSE,>10,<5.6,GJ|JIO
FALSE,>10,<5,MH|VODAFONE
FALSE,>10,<5.6,GJ|JIO
FALSE,>20,<5.6,DL|JIO
FALSE,>10,<5.6,WB|IDEA
FALSE,>5,<4.6,WB|VODAFONE
FALSE,>10,<5.2,KA|JIO
TRUE,>10,<5.6,GJ|JIO
FALSE,>10,<5.2,MH|IDEA
FALSE,>5,<5.2,GJ|IDEA
FALSE,>10,<5.6,TN|IDEA
FALSE,>5,<4.8,TN|IDEA
FALSE,>10,<5.6,DL|VODAFONE
FALSE,<5,<4.4,TN|AIRTEL
FALSE,>20,<5.6,DL|AIRTEL
FALSE,>10,<5.6,DL|JIO
FALSE,<5,<4.4,WB|AIRTEL
TRUE,>10,<5.6,DL|JIO
FALSE,>5,<5,MH|IDEA
FALSE,>5,<5,MH|JIO
FALSE,>5,<4.6,MH|VODAFONE
FALSE,>5,<4.8,MH|JIO
FALSE,>5,<4.4,WB|JIO
FALSE,>10,<5.8,DL|JIO
FALSE,>5,<5,DL|VODAFONE
FALSE,>20,<5.6,UK|IDEA
FALSE,>10,<5.2,WB|VODAFONE
FALSE,>10,<5.8,GJ|AIRTEL
FALSE,>10,<5.6,GJ|JIO
TRUE,>5,<4.8,DL|AIRTEL
TRUE,>5,<5,DL|IDEA
FALSE,>10,<5.2,HR|AIRTEL
FALSE,>10,<5.8,BR|AIRTEL
FALSE,>5,<4.8,TN|AIRTEL
FALSE,>10,<5,TN|JIO
FALSE,>5,<5,HR|JIO
FALSE,>5,<5,TN|JIO
FALSE,>5,<4.6,GJ|VODAFONE
FALSE,>5,<5.6,UK|JIO
FALSE,>10,<5.6,RJ|AIRTEL
FALSE,>5,<4.6,RJ|VODAFONE
FALSE,>5,<5,TN|VODAFONE
FALSE,>10,<5.6,TN|VODAFONE
FALSE,<5,<4.4,BR|IDEA
FALSE,>20,<5.6,AP|JIO
FALSE,>10,<5.6,MH|VODAFONE
FALSE,>5,<5,DL|IDEA
FALSE,>10,<5.8,GJ|VODAFONE
FALSE,>5,<4.8,WB|AIRTEL
FALSE,>10,<5.6,RJ|JIO
FALSE,>10,<5.6,KA|JIO
FALSE,>10,<5.6,RJ|IDEA
FALSE,>10,<5.6,DL|
FALSE,>10,<5.8,WB|VODAFONE
FALSE,>5,<5,TN|VODAFONE
FALSE,>10,<5.8,HR|JIO
FALSE,>5,<5.6,TN|JIO
FALSE,>20,<4.2,TN|AIRTEL
FALSE,>20,<5.6,GJ|IDEA
FALSE,>10,<5.2,GJ|JIO
FALSE,>5,<5.6,RJ|AIRTEL
FALSE,>5,<4.4,TN|JIO
FALSE,>10,<5,TN|CELLONE
FALSE,>10,<5,DL|VODAFONE
TRUE,>5,<4.6,TN|AIRTEL
FALSE,>10,<5,TN|CELLONE
FALSE,>10,<5.2,BR|JIO
FALSE,>10,<5.6,GJ|AIRTEL
TRUE,>10,<5,RJ|CELLONE
FALSE,>10,<5.6,HR|IDEA
FALSE,>5,<5.6,RJ|AIRTEL
FALSE,>10,<5.6,DL|AIRTEL
FALSE,>10,<5.2,GJ|JIO
FALSE,>5,>6,GJ|VODAFONE
FALSE,>20,<5.6,GJ|AIRTEL
TRUE,>5,<5,RJ|VODAFONE
FALSE,>5,<4.4,GJ|VODAFONE
FALSE,>20,<5,DL|JIO
FALSE,>20,<5.2,GJ|VODAFONE
FALSE,>5,>6,GJ|VODAFONE
FALSE,<5,<4.6,MP|JIO
FALSE,>10,>6,GJ|AIRTEL
FALSE,>5,<5.2,RJ|JIO
FALSE,>10,<5.6,TN|VODAFONE
FALSE,>10,<5.6,RJ|JIO
FALSE,>5,<4.8,DL|AIRTEL
TRUE,>5,<5,RJ|VODAFONE
FALSE,>5,<4.4,TN|AIRCEL
FALSE,>5,<4.8,DL|JIO
TRUE,>5,<4.8,PB|VODAFONE
FALSE,>5,>6,GJ|
TRUE,>10,<5.6,KA|AIRTEL
FALSE,>5,<5,GJ|IDEA
TRUE,>10,<5.2,RJ|AIRTEL
FALSE,>10,<5.6,RJ|VODAFONE
FALSE,>10,<5,KA|JIO
FALSE,>5,<5,MH|JIO
FALSE,>10,<5,HR|AIRTEL
FALSE,>5,<5,MH|JIO
FALSE,>10,<5.8,MH|IDEA
FALSE,>10,<5.2,MH|JIO
FALSE,>5,<5,MH|AIRTEL
FALSE,>5,>6,OD|AIRTEL
FALSE,>5,<5,UK|JIO
TRUE,>10,<5.8,AP|AIRTEL
FALSE,>5,<4.2,TN|JIO
FALSE,>10,<5.6,HR|JIO
FALSE,>20,<4.8,HR|IDEA
FALSE,>10,<5.8,TN|AIRCEL
FALSE,>5,<5,TN|JIO
FALSE,>10,<5.8,KA|JIO
FALSE,>10,<5.2,UP|JIO
FALSE,>20,<5.2,HR|AIRTEL
FALSE,>5,<5,UK|JIO
FALSE,>5,<4.4,DL|VODAFONE
FALSE,>10,<5.6,MH|AIRTEL
FALSE,>5,<4.8,KA|JIO
FALSE,>10,<5,GJ|JIO
FALSE,>10,<5.6,DL|AIRTEL
TRUE,>5,>6,DL|JIO
FALSE,>10,<5.6,DL|JIO
FALSE,>5,<4,MP|DOCOMO
FALSE,>10,<5,MH|AIRTEL
FALSE,>10,<5,MH|JIO
FALSE,>20,<5.6,MH|AIRTEL
FALSE,>5,<5,HR|IDEA
FALSE,>10,<5,MP|IDEA
TRUE,>5,<5,GJ|AIRTEL
FALSE,>5,<5,DL|JIO
FALSE,>10,<5.8,KL|JIO
FALSE,>20,<5.2,DL|JIO
FALSE,>5,<5,MH|AIRTEL
FALSE,>5,<4.4,MH|BSNL
FALSE,>5,<5,GJ|VODAFONE
FALSE,>5,<5,TN|CELLONE
FALSE,>5,<4.6,MH|AIRTEL
FALSE,>20,<5.6,RJ|JIO
FALSE,>10,<5.6,TN|JIO
FALSE,>5,<5,KA|JIO
TRUE,>5,<5,RJ|VODAFONE
FALSE,>5,<4.8,UP|JIO
TRUE,>10,<5.2,RJ|AIRTEL
FALSE,>5,<5,BR|JIO
FALSE,>10,<4.6,MH|VODAFONE
FALSE,>10,<5.6,GJ|VODAFONE
FALSE,>10,<4.8,MH|VODAFONE
TRUE,>10,<5.2,RJ|AIRTEL
FALSE,>5,<4.6,TN|VODAFONE
FALSE,>5,<5.6,JH|JIO
FALSE,>5,<4.6,TN|AIRTEL
FALSE,>10,<5.6,TN|AIRTEL
FALSE,>5,<5.2,RJ|JIO
FALSE,>5,<5,HR|JIO
FALSE,>5,<5.6,MH|AIRCEL
FALSE,>10,<5.6,RJ|AIRTEL
FALSE,<5,<4.6,TN|IDEA
FALSE,>10,<5.8,WB|JIO
FALSE,>5,<4.8,DL|JIO
FALSE,>10,<5.6,TN|JIO
FALSE,>5,<5.6,DL|JIO
FALSE,>5,<5.6,TN|JIO
TRUE,>5,<5.6,RJ|AIRTEL
FALSE,>10,<5.2,DL|VODAFONE
FALSE,>10,<5.6,RJ|AIRTEL
TRUE,>10,<4.6,RJ|AIRCEL
FALSE,>20,<5,GJ|VODAFONE
TRUE,>10,<5.8,AP|AIRTEL
FALSE,>5,<5,MH|AIRTEL
FALSE,>5,<5,MP|JIO
FALSE,>10,<5.2,HR|IDEA
FALSE,>5,<5,DL|VODAFONE
TRUE,>20,<5.2,MH|VODAFONE
FALSE,>5,<5,DL|JIO
FALSE,>10,<5.8,AP|AIRTEL
FALSE,<5,<4.4,DL|CELLONE
TRUE,>5,<5.6,RJ|AIRTEL
FALSE,>10,<4.4,RJ|JIO
FALSE,>5,<5,DL|JIO
TRUE,>10,<5.2,RJ|AIRTEL
FALSE,>10,<5.2,DL|VODAFONE
FALSE,>5,<5,WB|JIO
FALSE,>5,<4.8,TN|JIO
FALSE,>5,<5,CT|JIO
FALSE,>10,<5,UP|IDEA
FALSE,>10,<5,RJ|IDEA
FALSE,>5,<5,MH|JIO
FALSE,>10,<4.2,GJ|VODAFONE
TRUE,>5,<5,RJ|VODAFONE
FALSE,>10,>6,HR|
FALSE,>5,<5,AP|AIRTEL
FALSE,>5,<5,DL|JIO
FALSE,>10,<5.8,GJ|JIO
FALSE,>5,<4.8,TN|JIO
FALSE,<5,<4.2,AP|JIO
FALSE,>5,<4.8,TN|DOCOMO
FALSE,>10,<5.6,RJ|VODAFONE
FALSE,>5,<5,MH|VODAFONE
FALSE,>5,<5,RJ|VODAFONE
FALSE,>10,<5.6,MH|VODAFONE
FALSE,>5,<4.8,MH|IDEA
FALSE,>5,>6,UP|AIRTEL
FALSE,>5,<5.2,HR|AIRTEL
FALSE,>5,<5,UK|JIO
FALSE,>10,<5.6,MP|JIO
FALSE,>5,<5,UK|AIRTEL
FALSE,>5,<5.2,KL|IDEA
FALSE,>5,<5.6,MH|AIRTEL
FALSE,>5,<5,KA|IDEA
FALSE,>10,<5.2,TN|IDEA
FALSE,>20,<5.6,HR|AIRTEL
FALSE,>10,<5,DL|AIRTEL
FALSE,>5,<4.8,RJ|JIO
FALSE,>40,<5.8,TN|JIO
FALSE,>10,<5.2,GJ|VODAFONE
FALSE,>10,<5.6,DL|IDEA
FALSE,>10,<5.6,TN|AIRCEL
FALSE,>5,<5,TN|JIO
FALSE,>5,<4.4,MH|VODAFONE
FALSE,>10,<5,WB|AIRTEL
TRUE,>5,<5.6,RJ|AIRTEL
FALSE,>10,<5.2,MH|JIO
FALSE,>5,<5,TN|AIRTEL
FALSE,>10,<5,CH|AIRTEL
FALSE,>10,<5.6,KA|AIRTEL
FALSE,>20,<5.8,WB|AIRTEL
FALSE,>10,<5,WB|AIRTEL
FALSE,>10,<5,WB|AIRTEL
FALSE,>5,<4.8,TN|JIO
FALSE,>5,<5,MH|AIRTEL
FALSE,>5,<5,CT|JIO
FALSE,>10,<5,TN|VODAFONE
FALSE,>5,<4.8,CT|JIO
TRUE,>10,<5.2,RJ|AIRTEL
FALSE,>5,<4.8,RJ|AIRTEL
FALSE,>10,<5.8,HR|
FALSE,>10,<5.6,UK|IDEA
FALSE,>5,<4.8,MH|IDEA
FALSE,>5,<5,TN|
FALSE,>10,<5.2,MH|AIRTEL
FALSE,>10,<5.6,RJ|JIO
FALSE,>5,<4.8,KA|JIO
FALSE,>10,<5,TN|JIO
FALSE,>5,<4.8,AP|AIRTEL
FALSE,>10,<5.6,DL|DOCOMO
FALSE,>5,<5,DL|JIO
FALSE,>10,<5.6,PB|VODAFONE
FALSE,<5,<4.4,TN|IDEA
FALSE,>5,<5,HR|IDEA
FALSE,>20,<5,MH|VODAFONE
FALSE,>10,<5.2,WB|JIO
FALSE,>10,<5.2,KA|JIO
FALSE,>10,<5,MH|JIO
FALSE,>10,<5,GJ|AIRTEL
FALSE,>10,<5.2,GJ|IDEA
FALSE,>10,<5.8,BR|AIRTEL
FALSE,>10,<5.6,GJ|JIO
FALSE,>10,<5.6,UP|JIO
TRUE,>10,<5.2,RJ|AIRTEL
FALSE,>10,<5,WB|AIRTEL
FALSE,>10,<5.6,DL|AIRTEL
FALSE,>5,<5,MH|IDEA
FALSE,>5,<4.6,TN|AIRTEL
FALSE,<5,<4.4,RJ|VODAFONE
FALSE,>10,<5.6,CT|AIRTEL
FALSE,>5,<5,UP|VODAFONE
FALSE,>10,<5.8,MH|JIO
FALSE,>5,<5,UP|JIO
FALSE,>10,<5.8,WB|VODAFONE
FALSE,>10,<5.8,WB|VODAFONE
FALSE,>10,<5.6,GJ|AIRTEL
FALSE,>20,<5.6,RJ|JIO
FALSE,>5,<5.6,MH|VODAFONE
FALSE,>5,<4.8,UK|JIO
FALSE,>5,<5,DL|VODAFONE
FALSE,>5,<5,HR|
FALSE,>10,<5.6,RJ|JIO
FALSE,>10,<5.6,WB|JIO
FALSE,>10,<5.6,DL|JIO
FALSE,>5,<4.4,DL|IDEA
FALSE,>10,<5.6,DL|JIO
FALSE,>5,<4.8,RJ|JIO
FALSE,>5,<4.4,TN|JIO
FALSE,>5,<4.8,RJ|AIRTEL
FALSE,>5,<5,KA|
FALSE,>10,<5,MH|VODAFONE
FALSE,<5,<4.8,KA|VODAFONE
TRUE,>5,<4.8,DL|JIO
FALSE,>10,<5,CT|JIO
FALSE,>5,<4.8,MH|JIO
FALSE,>10,<5,HR|AIRTEL
FALSE,>5,<4.6,TN|JIO
FALSE,>10,<5.2,PY|AIRTEL
FALSE,>20,<5.6,MP|JIO
FALSE,>40,<5.8,KA|AIRTEL
FALSE,>10,<5,HR|VODAFONE
FALSE,>5,<5,DL|VODAFONE
FALSE,<5,<4.4,GJ|AIRTEL
FALSE,>5,>6,MH|JIO
FALSE,>10,<5.6,KA|AIRTEL
FALSE,>5,>6,DL|AIRTEL
FALSE,>10,<5.6,GJ|JIO
FALSE,>5,<4.4,GJ|
FALSE,>10,<5.8,KA|DOCOMO
FALSE,>5,<4.4,CH|CELLONE
FALSE,>5,<4,WB|JIO
FALSE,>5,<4.8,RJ|AIRTEL
FALSE,>10,<5,RJ|VODAFONE
FALSE,>5,<4.6,WB|CELLONE
FALSE,>5,>6,UK|IDEA
FALSE,>5,<4,KA|AIRTEL
FALSE,>10,<5.6,TN|JIO
FALSE,>10,<5.6,MH|IDEA
FALSE,>5,<4.4,GJ|JIO
FALSE,>20,<5.2,KA|AIRTEL
FALSE,>5,<5,GJ|AIRTEL
FALSE,>5,<5,UK|AIRTEL
FALSE,>5,<5.2,AP|IDEA
FALSE,>5,<5.6,TN|JIO
FALSE,>10,<5.8,KA|CELLONE
FALSE,>5,<5,UP|JIO
FALSE,>5,<5,DL|VODAFONE
TRUE,>5,<5.6,MH|AIRTEL
FALSE,>5,<5,GJ|VODAFONE
FALSE,>5,<5,GJ|AIRTEL
FALSE,>20,<5.6,MP|IDEA
FALSE,>10,<5.6,WB|VODAFONE
FALSE,>10,<5.2,MH|JIO
FALSE,>5,<5,WB|AIRCEL
FALSE,>5,<5,HR|JIO
FALSE,>10,<5.8,KA|JIO
FALSE,<5,<4.2,DL|AIRTEL
FALSE,>10,<5.2,HR|IDEA
FALSE,>10,<5.6,MH|JIO
FALSE,>10,<5.6,DL|AIRTEL
FALSE,>5,<4.4,WB|AIRTEL
FALSE,>5,<5,HR|AIRTEL
FALSE,>10,<5,HR|VODAFONE
FALSE,>5,>6,UP|JIO
FALSE,>10,<5,PB|AIRTEL
FALSE,>10,<5,TN|AIRTEL
FALSE,>10,<5.2,RJ|AIRTEL
FALSE,>5,<4.4,GJ|AIRTEL
FALSE,>10,<5.2,MH|AIRTEL
FALSE,>20,<5.2,GJ|VODAFONE
FALSE,>10,<5.6,TN|JIO
FALSE,>10,<4.8,TN|JIO
FALSE,>20,<5.2,GJ|VODAFONE
FALSE,>10,<5.6,RJ|AIRTEL
FALSE,>10,<5.6,AP|JIO
FALSE,>10,<5.6,PB|JIO
FALSE,>5,>6,WB|JIO
FALSE,>5,<4.8,RJ|JIO
FALSE,>5,<4.8,MH|JIO
FALSE,>10,<5,JH|AIRTEL
FALSE,>10,<5.6,MH|VODAFONE
FALSE,>10,<4.6,RJ|AIRCEL
FALSE,>10,<5.6,DL|VODAFONE
FALSE,>5,>6,WB|JIO
FALSE,>10,<5.6,GJ|CELLONE
FALSE,>5,<5,DL|VODAFONE
FALSE,>5,<5,DL|AIRTEL
FALSE,>5,<4,HR|VODAFONE
FALSE,>10,<5.2,DL|AIRTEL
TRUE,>5,<5,DL|AIRTEL
FALSE,>10,<5.6,TN|JIO
FALSE,>10,<5.8,AP|IDEA
FALSE,>5,<4.4,KA|AIRTEL
FALSE,>5,<4.6,MH|VODAFONE
FALSE,>5,<4.8,DL|IDEA
FALSE,>10,<5.2,JH|JIO
FALSE,>5,<4.8,DL|IDEA
FALSE,>5,<4.8,HR|VODAFONE
FALSE,>10,<5.6,MH|IDEA
FALSE,>10,>6,GJ|JIO
FALSE,>5,<4.4,RJ|JIO
FALSE,>10,<4.6,GJ|JIO
FALSE,>5,<5,RJ|JIO
FALSE,>20,>6,MH|VODAFONE
FALSE,>5,<4.6,HR|AIRTEL
FALSE,>10,<5.6,TN|JIO
FALSE,>10,<5.6,UP|JIO
FALSE,>10,<5.6,UP|JIO
FALSE,>10,<5.2,UK|JIO
FALSE,>10,<5.6,UP|JIO
FALSE,>10,<4.6,MP|IDEA
FALSE,>5,<4.8,WB|JIO
FALSE,>5,<4.6,GJ|JIO
FALSE,>10,<5.6,DL|JIO
FALSE,>5,<5.8,OD|BSNL
FALSE,>10,<5.6,TN|JIO
FALSE,>5,<4.6,MH|JIO
FALSE,>10,<5.8,TN|JIO
FALSE,<5,<4.4,TN|AIRTEL
FALSE,>10,<5.2,MH|AIRTEL
FALSE,>5,>6,WB|JIO
FALSE,>5,<5,GJ|VODAFONE
FALSE,>10,<5,GJ|JIO
FALSE,>5,<4.6,TN|AIRTEL
FALSE,>5,<5,MH|IDEA
FALSE,>10,<5,DL|VODAFONE
FALSE,>10,<5.6,RJ|AIRTEL
FALSE,>5,<4.4,TN|JIO
FALSE,>10,<5.8,DL|AIRTEL
FALSE,>10,<5,MH|VODAFONE
FALSE,>10,<5.8,GJ|IDEA
FALSE,>10,<5.8,MH|VODAFONE
FALSE,>5,<4.6,CH|AIRTEL
FALSE,>10,<5.8,TN|AIRTEL
FALSE,>5,<5.6,TN|JIO
FALSE,>10,<5.6,MH|JIO
FALSE,>5,<5.6,TN|JIO
FALSE,>20,<5.6,GJ|AIRTEL
TRUE,>5,<5.2,GJ|AIRTEL
FALSE,>10,<5.6,KA|JIO
FALSE,>10,<5.2,TN|AIRCEL
FALSE,>10,<5.6,WB|JIO
FALSE,>5,<5,RJ|JIO
FALSE,>5,<4.8,MH|JIO
FALSE,>5,<5,UK|AIRTEL
FALSE,>5,<5,GJ|DOCOMO
FALSE,<5,<4,MP|IDEA
FALSE,>10,<5.8,GJ|IDEA
FALSE,>10,<5,MH|IDEA
TRUE,<5,<4.4,WB|AIRTEL
FALSE,>10,<5.6,WB|JIO
FALSE,>5,<5.6,DL|IDEA
FALSE,>10,<5,KA|IDEA
FALSE,>5,>6,MP|JIO
TRUE,>5,<4.6,CH|AIRTEL
FALSE,>5,<5,MH|VODAFONE
FALSE,>5,<5,JH|TELENOR
FALSE,>5,<4.8,RJ|JIO
FALSE,>10,<5.6,WB|JIO
FALSE,>5,<4.8,JH|JIO
FALSE,>5,<5.2,CT|VODAFONE
FALSE,>5,<5,CT|JIO
FALSE,>10,<4.2,GJ|IDEA
FALSE,>10,<5.2,DL|AIRTEL
FALSE,>5,<5.2,TN|JIO
FALSE,>5,<4.8,GJ|IDEA
FALSE,>5,>6,MH|JIO
FALSE,>10,<5,HR|AIRTEL
FALSE,>5,<4.4,PB|AIRTEL
FALSE,>5,<4.8,TN|JIO
FALSE,>10,<5.2,KA|AIRTEL
FALSE,>5,<4.6,KA|
FALSE,>5,<4.6,BR|JIO
FALSE,>10,<5.6,GJ|JIO
FALSE,>10,<5.8,MH|JIO
FALSE,>10,<5.6,MH|JIO
FALSE,>5,>6,TN|VODAFONE
FALSE,>10,<5,GJ|JIO
FALSE,>10,<5.2,GJ|JIO
FALSE,>5,<4.4,CT|AIRTEL
FALSE,>10,<5,WB|AIRTEL
TRUE,>10,<5.6,MH|VODAFONE
TRUE,>10,<5.6,KA|JIO
FALSE,>5,<4.8,KA|JIO
FALSE,>10,<5.8,WB|AIRTEL
FALSE,>10,<5.6,DL|JIO
FALSE,>10,<5.6,DL|JIO
TRUE,>10,<5.2,WB|AIRTEL
FALSE,>5,<5,HR|AIRTEL
TRUE,>10,<5.2,MH|VODAFONE
TRUE,>20,<6,DL|JIO
TRUE,>5,<4.6,PB|BSNL
FALSE,>5,<4.8,TN|JIO
FALSE,>5,<5,PB|JIO
FALSE,>10,<5.2,DL|JIO
TRUE,>10,<5,WB|AIRTEL
FALSE,>5,<5,MP|JIO
FALSE,<5,<4.6,OD|
FALSE,>10,<5.6,RJ|VODAFONE
FALSE,>5,<5,MH|JIO
FALSE,>5,<5,MP|AIRTEL
FALSE,>10,<5.6,RJ|IDEA
FALSE,>10,<5.2,WB|AIRTEL
FALSE,>5,<5,GJ|AIRTEL
FALSE,>5,<5,HR|JIO
FALSE,>5,<5,UK|VODAFONE
FALSE,>10,<5.6,WB|AIRTEL
FALSE,>10,<5.6,GJ|IDEA
FALSE,>5,<5,WB|
FALSE,<5,<5,TN|VODAFONE
FALSE,>5,<5,GJ|VODAFONE
FALSE,>10,<5.6,MH|AIRTEL
TRUE,>10,<5.6,UK|VODAFONE
FALSE,>5,<4.2,MH|AIRTEL
FALSE,>10,<5.6,DL|DOCOMO
TRUE,>5,<5.6,RJ|AIRTEL
FALSE,>5,<4,PB|DOCOMO
FALSE,>10,<5.6,MH|JIO
FALSE,>5,<6,RJ|AIRCEL
FALSE,>5,<5.6,MH|IDEA
FALSE,>10,<5.6,DL|AIRTEL
FALSE,>5,>6,JH|JIO
FALSE,>10,<5,DL|VODAFONE
FALSE,>10,<5.6,HR|AIRTEL
FALSE,>10,<5.6,RJ|AIRTEL
FALSE,>10,<5.6,DL|AIRTEL
FALSE,>10,<5.6,TN|AIRTEL
FALSE,>10,<5.8,DL|JIO
FALSE,>5,<4.6,RJ|VODAFONE
FALSE,>5,<5,MH|JIO
FALSE,>5,<5,MP|JIO
FALSE,>10,<5.8,AS|JIO
FALSE,>5,<5,TN|DOCOMO
FALSE,>5,<5,GJ|IDEA
TRUE,>5,<5,WB|AIRTEL
FALSE,>20,<5.6,MP|AIRTEL
FALSE,>5,<5,RJ|JIO
FALSE,>10,<5.6,RJ|JIO
TRUE,>5,<5,BR|AIRTEL
FALSE,>5,<5,RJ|JIO
FALSE,>5,<5,DL|IDEA
FALSE,>10,<5,RJ|
FALSE,>5,>6,DL|JIO
FALSE,>10,<5,GJ|JIO
FALSE,>5,<5,UP|VODAFONE
FALSE,>5,<4.6,DL|AIRTEL
FALSE,>10,<5,UP|JIO
FALSE,>10,<5,UP|JIO
FALSE,>5,<5,UP|DOCOMO
FALSE,>5,<5,AP|AIRTEL
FALSE,>5,<5.2,HR|VODAFONE
FALSE,>5,<4.4,CH|AIRTEL
FALSE,>10,<5.6,TN|JIO
FALSE,>10,<5.6,MH|JIO
FALSE,>5,<4.8,TN|AIRCEL
FALSE,>10,<5.2,KL|IDEA
FALSE,>10,<5.6,UK|IDEA
FALSE,>10,<5.6,MH|IDEA
FALSE,>10,<5.6,BR|JIO
FALSE,>10,<5.6,RJ|VODAFONE
FALSE,>10,<5.2,KA|JIO
TRUE,>5,<4.8,WB|VODAFONE
FALSE,>5,<5,AP|JIO
FALSE,>10,<5.6,TN|AIRCEL
FALSE,<5,<4.6,RJ|JIO
FALSE,>10,<5.6,GJ|VODAFONE
FALSE,>5,<5,UP|JIO
FALSE,>10,<5.6,DL|VODAFONE
FALSE,>5,<5,HR|IDEA
TRUE,>20,<5.6,CT|IDEA
FALSE,>5,<5,TN|AIRTEL
TRUE,>5,<5.6,RJ|AIRTEL
FALSE,>10,<5,MH|JIO
TRUE,>5,<4.4,KL|AIRTEL
FALSE,>5,<4.8,KA|TELENOR
TRUE,>5,<5.6,RJ|AIRTEL
FALSE,>10,<5,HR|VODAFONE
FALSE,>5,<5,MH|IDEA
FALSE,>5,<5,AS|JIO
FALSE,>5,<5,TN|VODAFONE
FALSE,>10,<5.6,MH|AIRTEL
FALSE,>5,<5.6,MH|AIRTEL
FALSE,>10,<5.6,TN|VODAFONE
FALSE,>10,<5.2,KA|VODAFONE
FALSE,>5,<5.2,DL|IDEA
FALSE,>5,<5.2,RJ|AIRTEL
FALSE,>10,<5,UK|JIO
FALSE,>5,<4.8,WB|AIRTEL
FALSE,>10,<5.6,MH|JIO
FALSE,<5,<4.2,CH|BSNL
FALSE,>5,<5,KA|JIO
FALSE,>10,<5.2,GJ|JIO
FALSE,>10,<5.6,DL|IDEA
FALSE,>10,<5.8,CT|JIO
TRUE,>10,<5.6,RJ|VODAFONE
FALSE,>5,<4.4,UP|JIO
FALSE,>5,<4.6,GJ|JIO
FALSE,>10,<5.2,DL|AIRTEL
TRUE,>5,<4.6,GJ|VODAFONE
TRUE,>10,<5.6,DL|IDEA
FALSE,>10,<5.6,WB|JIO
FALSE,>10,<5.6,MH|AIRTEL
FALSE,>10,<5.6,GJ|
FALSE,>5,<4.8,PB|JIO
FALSE,>5,<4.4,DL|CELLONE
FALSE,>5,<5.2,KL|JIO
FALSE,>10,<5.6,UK|JIO
FALSE,>10,<5.6,RJ|JIO
FALSE,>5,<4.4,GJ|DOCOMO
FALSE,>10,<5.6,GJ|JIO
FALSE,>20,<5.6,CT|JIO
FALSE,>10,<5.6,HR|JIO
FALSE,>5,<5,DL|JIO
FALSE,>5,<5,RJ|IDEA
FALSE,>10,<5.6,CT|JIO
TRUE,>10,<5.6,MH|VODAFONE
FALSE,>10,<5.6,GJ|JIO
FALSE,>5,<4.6,MH|VODAFONE
FALSE,>5,<5,RJ|VODAFONE
FALSE,>10,<5.6,MH|JIO
FALSE,>10,<5.6,UP|JIO
FALSE,<5,<4.4,DL|AIRTEL
FALSE,>10,<4.6,MH|IDEA
FALSE,>5,<4.6,GJ|VODAFONE
TRUE,>5,<5,GJ|VODAFONE
TRUE,>10,<5.2,MH|VODAFONE
TRUE,>10,<5.6,DL|JIO
FALSE,>5,<4.8,HR|JIO
FALSE,>10,<5.2,DL|JIO
TRUE,>10,<5.2,MH|VODAFONE
FALSE,>5,<4,UP|CELLONE
TRUE,>10,<5.6,RJ|AIRTEL
FALSE,>5,<5,KA|IDEA
TRUE,>5,<5.6,RJ|AIRTEL
FALSE,>5,<5,HR|JIO
FALSE,<5,<4.2,UP|JIO
FALSE,>10,<5.6,HR|VODAFONE
FALSE,>10,<5.6,UP|BSNL
FALSE,>10,<5.2,WB|JIO
TRUE,>5,<5,WB|AIRTEL
FALSE,>5,<5,GJ|TELENOR
FALSE,>5,<5,HR|JIO
FALSE,>5,<5,BR|JIO
FALSE,>10,<4.6,GJ|IDEA
TRUE,>10,<5.2,MH|VODAFONE
FALSE,>10,<5,UK|JIO
FALSE,>5,<5,MH|JIO
FALSE,>10,<5.8,UP|JIO
FALSE,>10,<5.6,DL|VODAFONE
FALSE,>5,<4.8,HR|JIO
FALSE,>10,<5.6,MH|AIRTEL
TRUE,>5,<5.6,RJ|AIRTEL
FALSE,>10,<5.2,CH|JIO
FALSE,>5,<4.8,TN|JIO
TRUE,>10,<5.8,RJ|JIO
FALSE,>5,<4.6,MH|AIRTEL
FALSE,>10,<5.6,HR|VODAFONE
FALSE,>5,<5,HR|AIRTEL
TRUE,>10,<5.2,DL|AIRTEL
TRUE,>5,<5,RJ|VODAFONE
FALSE,>10,<5.2,UP|JIO
FALSE,>20,<6,MH|VODAFONE
FALSE,>5,<5,BR|JIO
FALSE,>5,<5,DL|JIO
FALSE,>5,<4.6,RJ|JIO
FALSE,>10,<5.8,MP|AIRTEL
TRUE,>5,<5.6,GJ|AIRTEL
FALSE,>10,<4.2,KA|DOCOMO
FALSE,>10,>6,MH|IDEA
TRUE,>5,<5,RJ|VODAFONE
FALSE,>5,<5,DL|VODAFONE
FALSE,>5,>6,MP|JIO
FALSE,>10,<5.6,MH|AIRTEL
FALSE,>5,<5,PB|JIO
FALSE,>10,<5.8,MH|VODAFONE
FALSE,>20,>6,TN|AIRCEL
FALSE,>5,<5,RJ|VODAFONE
FALSE,>5,<5,GJ|VODAFONE
TRUE,>5,<5,UK|IDEA
FALSE,>10,<5,WB|JIO
FALSE,>5,<5,WB|JIO
FALSE,>20,<5.8,CT|AIRTEL
FALSE,>5,<5,MH|JIO
FALSE,>10,<5.4,DL|JIO
FALSE,>10,<5.8,WB|VODAFONE
FALSE,>10,<5.6,HR|AIRTEL
TRUE,>5,<5,RJ|CELLONE
FALSE,>10,<5.8,HR|
FALSE,>10,<5,WB|VODAFONE
FALSE,>10,<5.8,BR|JIO
FALSE,>10,<5.8,DL|AIRTEL
FALSE,>20,<5.6,DL|JIO
FALSE,>10,<5,MH|VODAFONE
FALSE,>5,<4.6,CT|CELLONE
FALSE,>5,<5,RJ|JIO
FALSE,>5,<4.2,DL|AIRTEL
TRUE,>10,<5,MH|AIRTEL
FALSE,>5,<5,DL|JIO
FALSE,>20,<5.6,BR|AIRTEL
FALSE,>5,>6,DL|IDEA
TRUE,>10,<5.8,WB|AIRTEL
FALSE,>10,<5.6,HR|IDEA
TRUE,>10,<5.6,UP|JIO
FALSE,>10,<5.6,BR|JIO
TRUE,>20,<5.6,DL|VODAFONE
FALSE,>20,<5.6,UK|JIO
FALSE,>10,<5.2,TN|IDEA
FALSE,>5,<5,WB|VODAFONE
FALSE,>10,<5.6,WB|JIO
FALSE,>10,<5.6,KA|IDEA
FALSE,>10,<5.2,MH|VODAFONE
FALSE,>10,<5.6,MH|VODAFONE
FALSE,>5,<6,DL|VODAFONE
FALSE,>5,<5,RJ|JIO
FALSE,>5,<5,RJ|JIO
FALSE,<5,<5,TN|AIRTEL
FALSE,>10,<5.6,WB|VODAFONE
FALSE,>10,<5.2,WB|JIO
TRUE,>5,<4.4,UK|IDEA
FALSE,>5,<5,TN|AIRCEL
FALSE,>10,<5.6,MH|VODAFONE
FALSE,>5,<4.8,DL|JIO
FALSE,>10,<5.6,RJ|AIRTEL
TRUE,>10,<5.2,DL|AIRTEL
FALSE,>5,<5,KA|JIO
FALSE,>10,<5.6,GJ|AIRTEL
